time, mean_MYD08_D3_6_1_Deep_Blue_Aerosol_Optical_Depth_550_Land_Mean,Station_mean_raw_PM2.5,Average Temperature (°C),Rain Precipitation (mm),Wind Speed (mph),Visibility (km),Cloud Cover (%),Relative Humidity (%)
1/1/2017,0.600190449,231.5,20.5,0,6.9,1.2,16.3,73.17
1/2/2017,0.418893323,209.6,20.9,0,6.9,1.4,16.8,72.88
1/3/2017,0.482987211,181.9,21.4,0,9.2,1.7,14.4,69.74
1/4/2017,0.433491083,127.7,20.8,0,11.4,2,0.2,67.64
1/5/2017,0.404293067,206.8,19.6,0,10.3,1.2,20,79.39
1/6/2017,0.315073505,227.4,19.1,0,11.4,1,13.2,80.34
1/7/2017,0.276454856,227.1,18.9,0,8.1,1.3,28.2,73.95
1/8/2017,0.340885229,143.4,20.3,0,11.4,1.8,9.8,65.89
1/9/2017,0.457947441,199.9,20.5,0,11.4,2,0,64.03
1/10/2017,0.814128891,184,20.1,0,13.9,2.1,29.5,66.2
1/11/2017,0.779955899,176.3,19.7,0,8.5,1.7,6,67.23
1/12/2017,0.614742265,141.9,19.9,0,11.4,1.8,4.3,62.76
1/13/2017,0.49061051,120.9,18.1,0,13.9,2.2,0,58.59
1/14/2017,0.408601875,139.4,17.4,0,10.3,2.4,0,51.3
1/15/2017,0.374763169,177.5,18.1,0,11.4,2,0.1,63.78
1/16/2017,0.40280477,172.4,18.7,0,10.5,1.9,0,61.8
1/17/2017,0.566774409,254.4,18.7,0,10.6,1.7,4.2,63.59
1/18/2017,0.444530085,289.4,19.5,0,6.9,1.7,8.1,65.25
1/19/2017,0.287234723,183.5,19.9,0,11.4,1.8,4.3,64.76
1/20/2017,0.33115387,206.2,20.2,0,9.2,2.2,15.9,61.19
1/21/2017,0.323238372,193.9,19.8,0,8.1,2.1,0,62.94
1/22/2017,0.300917606,210.5,20.9,0,9.2,1.8,4.2,64.41
1/23/2017,0.494970059,213.4,21.1,0,10.3,2.1,0,61.31
1/24/2017,0.534498949,159.6,21.1,0,9.2,2,2.1,62.8
1/25/2017,0.225575758,247.8,22.1,0,6.9,1.8,0,66.67
1/26/2017,0.227642987,225.5,22.9,0,6.9,2.1,3.1,58.42
1/27/2017,0.259109115,285.8,22.2,0,8.1,1.8,55.2,65.61
1/28/2017,0.741903132,192.2,22,0,9.2,1.8,29,67.63
1/29/2017,0.40848824,140.8,21.1,0,15,2.5,0.7,59.19
1/30/2017,0.61462759,125.7,20.8,0,9.2,2.2,3.7,62.49
1/31/2017,0.722675084,177.1,20.5,0,9.2,2,0,64.01
2/1/2017,1.02244379,200.8,20.9,0,9.2,1.9,0,63.87
2/2/2017,0.597092853,171.5,21,0,13.9,2,0,61.76
2/3/2017,0.569571652,232.6,19.9,0,9.2,1.8,0.1,71.47
2/4/2017,0.327669688,170.3,21.6,0,8.3,1.8,5.6,67.07
2/5/2017,0.167726924,120.3,23.3,0,9.2,2.4,0,57.8
2/6/2017,0.28051778,162.5,23.8,0,9.2,2.2,2.2,55.29
2/7/2017,0.531434717,122.6,23.3,0,10.3,2.4,0.2,58.03
2/8/2017,0.358763589,153.3,22.9,0,10.3,2.4,0,51.76
2/9/2017,0.436136556,146.8,22.3,0,11.4,2.3,0,55.65
2/10/2017,0.639984515,248.2,22.2,0,6.9,2.2,0,58.01
2/11/2017,0.911015187,181.4,22.8,0,6.9,2.1,15,61.22
2/12/2017,0.813906891,122.9,23.7,0,9.2,2.4,4.7,53.69
2/13/2017,0.865191796,167.9,23.9,0,10.3,2.4,2.4,47.46
2/14/2017,0.993542741,218,24.1,0,6.9,2.3,5.6,57.33
2/15/2017,0.496146266,137.4,23.9,0,9.2,2.1,0.5,58.53
2/16/2017,0.552730494,211.5,23.8,0,10.3,2.2,1.5,57.46
2/17/2017,0.565857229,186.6,23.5,0,6.9,2.3,0,56.75
2/18/2017,0.823526172,210.8,24.2,0,9.2,2,1.7,58.45
2/19/2017,1.69026457,265.2,24.5,0,7.3,2.2,24.1,60.52
2/20/2017,2.19789339,179.8,24.4,0,11.4,1.7,30.7,72.37
2/21/2017,0.739587966,93.7,26.4,0,16.1,2.2,45.5,68.7
2/22/2017,0.577307917,117.5,26.2,0,13.9,2.4,56.2,66.9
2/23/2017,0.557765544,62,25.5,5.4,12.8,2.4,56.2,63.48
2/24/2017,0.31119756,32.5,24.1,0,11.4,2.5,0.4,46.72
2/25/2017,0.325697954,3.6,24.1,0,11.4,2.4,0,47.83
2/26/2017,0.404341084,3.1,23.5,0,11.4,2.5,0,48.62
2/27/2017,0.506284761,144.8,24.4,0,13.9,2.3,0,50.71
2/28/2017,0.460709412,179.8,24.2,0,15.7,2.3,0,49.79
3/1/2017,0.516622133,182.3,24.9,0,9.2,2.5,0,46.84
3/2/2017,0.422798118,169.8,25.6,0,11.4,2.2,0,54.21
3/3/2017,0.768709744,100,26.7,0,11.4,2.4,15.6,57.29
3/4/2017,0.631076952,83.3,26.2,0,11.4,2.6,47,57.84
3/5/2017,1.26620235,53.3,25.7,3.2,11.4,2.5,73.5,71.03
3/6/2017,0.755899827,69,24.3,17.74,9.2,2.5,57.9,72.06
3/7/2017,0.521165483,114.7,25.4,0,6.9,2,25.3,69.06
3/8/2017,0.584974319,104.8,24.5,24.91,13.9,2.3,56.6,64.69
3/9/2017,1.2451125,68.6,23.4,0,9.2,2.5,40.4,68.14
3/10/2017,2.31702143,81.3,25.1,18.5,20.5,2.2,62,71.9
3/11/2017,1.59100008,47.5,22.4,67.02,11.4,2.3,84.1,83.9
3/12/2017,1.08860426,88.8,24.8,19.48,11.4,2.4,70,67.05
3/13/2017,0.343274394,89,24.3,0,11.4,2.6,3.3,51.38
3/14/2017,0.349538412,81.3,24.3,0,13.9,2.7,0,48.34
3/15/2017,0.362008153,118.6,24.5,0,11.4,2.7,8.6,47.43
3/16/2017,0.312068415,140.8,24,0,13.9,2.4,0,51.36
3/17/2017,0.487453155,176.8,25.4,0,10.3,2.5,0,49.29
3/18/2017,1.10572368,68,24.1,30,13.9,2.5,60.3,69.65
3/19/2017,0.412205721,106.2,24.1,8.4,9.2,2.5,40.3,59.44
3/20/2017,0.451389465,59.6,21.2,13.92,13.9,2.4,65.5,75.26
3/21/2017,0.688699511,101,22.6,1.2,11.4,2.5,41.7,64.37
3/22/2017,0.782214533,109.8,24.6,0,9.2,2.5,31.5,60.59
3/23/2017,1.1341439,121.8,25.9,0,9.2,2.4,50.7,67.39
3/24/2017,1.24434561,121.9,27.3,0,10.3,2.6,36.9,63.25
3/25/2017,0.809804448,55.9,24.5,12.79,9.2,2.4,58,73.52
3/26/2017,0.874595584,76.3,24.8,0,6.9,2.5,62.3,72.06
3/27/2017,0.770276258,78,27,0,13.9,2.5,69.5,72.11
3/28/2017,0.967242623,55.7,26.8,0,11.4,2.4,65.7,76.96
3/29/2017,1.13774161,50.6,26.1,31.49,13.4,2.4,76.3,80.48
3/30/2017,0.490506839,32.5,28.6,0,18.3,2.5,76,72.24
3/31/2017,0.815034484,45.3,29.3,4.7,17.2,2.6,63.9,70.26
4/1/2017,0.390310883,33.9,29.2,18,15,2.7,64.7,69.02
4/2/2017,0.678231353,45.8,28.9,0,20.8,2.6,71.1,70.26
4/3/2017,0.569474227,40.2,28.7,0,23,2.6,71.2,69.91
4/4/2017,2.3552822,36,26.4,26.7,13.9,2.6,81.2,71.14
4/5/2017,0.604350006,44.6,25.1,43.73,17.2,2.6,66,80.71
4/6/2017,2.72000013,58.8,24.9,31,11.4,2.6,71.1,78.8
4/7/2017,1.00028248,67.6,29,7,11.4,2.4,63.1,72.6
4/8/2017,0.927571515,61.7,29.6,0,11.4,2.6,51.7,70.35
4/9/2017,0.837503889,68.9,29.6,0,11.4,2.6,60,72.15
4/10/2017,0.357778483,67.6,30,0,11.4,2.6,31.1,64.51
4/11/2017,0.438552965,74.2,30.4,0,11.4,2.7,22.9,58.65
4/12/2017,0.318879614,82,29.9,0,11.4,2.6,41.5,65.08
4/13/2017,0.450171755,129.8,30,0,9.2,2.7,1.4,58.98
4/14/2017,0.565691909,149.9,30.2,0,11.4,2.6,5.5,55.11
4/15/2017,0.846242652,63.3,29.3,0,11.4,2.6,36.2,63.17
4/16/2017,0.425147754,34.5,26.4,12,13.9,2.6,39.2,62.76
4/17/2017,0.219747807,78.1,28.7,0,11.4,2.7,3.4,56.56
4/18/2017,1.51625889,61.4,29.5,0,13.9,2.6,32.4,63.24
4/19/2017,1.00893755,36,28.3,82.12,20.3,2.4,78,75.53
4/20/2017,0.90200003,41.8,25.4,14.12,18.3,2.5,65.7,78.63
4/21/2017,0.83700004,45.3,25.4,19.33,17.2,2.5,83.4,80.33
4/22/2017,1.70300008,32.5,22.9,77.21,13.9,2.4,86.9,88.78
4/23/2017,0.507973171,56,23.9,24.97,25.3,2.4,90.4,86.64
4/24/2017,0.502850128,44.4,23.1,66.28,24.2,2.4,90,86.72
4/25/2017,0.706059938,64.5,27.5,44,16.1,2.5,75.2,79.49
4/26/2017,0.330950273,71,28.8,37.6,15,2.6,57.5,75.53
4/27/2017,0.56152503,58.3,30,0,13.9,2.6,80.1,73.17
4/28/2017,0.607080942,64,29.9,0,13.9,2.6,57.9,73.2
4/29/2017,0.679328227,43.5,28.2,9.72,40.3,2.5,60.5,72.74
4/30/2017,0.942311933,59.7,28.1,3.51,28.9,2.6,48.5,71.2
5/1/2017,0.791067163,40,26.9,18.26,15.9,2.5,68.3,70.84
5/2/2017,0.387123257,52.5,27,50.11,15,2.5,46.4,69.45
5/3/2017,0.536841216,91.1,29.7,0,11.4,2.5,41.4,67.94
5/4/2017,0.586566389,60.7,29.4,0,17.2,2.6,26.7,67.27
5/5/2017,0.456854971,59.1,30.3,0,11.4,2.6,49.5,68.2
5/6/2017,0.91425694,40.2,30.1,0,13.9,2.6,61.5,70
5/7/2017,0.477184003,36,29.4,0,12.8,2.6,62.1,70.37
5/8/2017,0.980748724,45.5,30.9,0,11.4,2.6,67,65.28
5/9/2017,1.60619485,40.6,27.5,23.24,18,2.6,67.9,77.54
5/10/2017,0.606688318,81.5,28.2,4,8.1,2.6,57.5,74.24
5/11/2017,1.00720671,43.8,30.2,0,11.4,2.6,57.7,68.25
5/12/2017,0.216581397,57.7,29.8,0.5,11.4,2.7,62,70.95
5/13/2017,1.25500828,59.1,29.9,0.4,11.4,2.7,68,72.09
5/14/2017,0.908940352,47.6,28.9,34.55,9.2,2.6,58.2,74.21
5/15/2017,2.80797305,31.2,28.1,54.91,16.1,2.6,76.6,78.25
5/16/2017,0.552883425,37.5,25.6,119.27,13.9,2.4,79.6,79.47
5/17/2017,1.05168805,49.5,28.2,11.97,40.3,2.5,78.6,79.19
5/18/2017,0.441983611,36.7,29.2,37.08,11.4,2.6,53.6,69.8
5/19/2017,0.3109471,57.1,30,0,18.3,2.7,67.6,74.73
5/20/2017,0.691311333,57,31.2,0,11.4,2.6,50,69.88
5/21/2017,0.364305759,46.2,31.2,0,13.9,2.6,54.1,69.91
5/22/2017,0.521630487,48,32.1,0,11.4,2.6,52.4,69.24
5/23/2017,0.802614743,49,32,0,11.4,2.7,48.9,69.34
5/24/2017,2.48973274,46.4,32.3,0,11.4,2.7,54,69.31
5/25/2017,0.676351538,38.2,32.1,0,13.9,2.6,40.5,67.04
5/26/2017,0.681932468,36.2,30.8,1.08,11.4,2.6,61.9,72.82
5/27/2017,0.529061237,55.5,29.7,2.97,8.1,2.6,66.1,74.46
5/28/2017,0.265771881,73.5,30.2,3.6,9.2,2.6,53.7,73.03
5/29/2017,0.366836309,60.4,30,29.15,11.4,2.6,68.2,74.47
5/30/2017,0.121033102,20.6,27.6,35.4,10.3,2.5,87.3,82.86
5/31/2017,0.370316309,61.4,28.9,22.48,20.8,2.6,78.3,78.18
6/1/2017,0.206875786,36.5,26.7,44.87,13.9,2.6,86.9,86.65
6/2/2017,0.192375786,33.5,27.8,46.55,17.2,2.6,87.3,79.23
6/3/2017,0.690832222,41.1,30.3,32.02,16.1,2.6,74.6,74.95
6/4/2017,0.757756221,38.1,30,7.66,19.3,2.6,67.9,76.4
6/5/2017,0.653710763,42.2,27.2,14.21,28.9,2.4,82.2,80.72
6/6/2017,0.830166857,58.8,29.6,10,9.2,2.6,47,72.62
6/7/2017,0.468793153,53.6,31.6,1.2,9.2,2.7,41.9,70.4
6/8/2017,0.733989621,67.7,30.2,8.01,10.3,2.6,56.4,74.85
6/9/2017,0.390241403,50.9,29.5,17.2,6.9,2.6,64.5,76.79
6/10/2017,0.620386539,37,31,0,11.4,2.5,50.7,69.14
6/11/2017,0.090556873,14,28.6,19.79,15,2.5,74.9,79.42
6/12/2017,0.070556873,8.3,25.6,203.09,18.3,2.4,94.9,94.07
6/13/2017,0.708979061,35.2,28.5,16.49,13.9,2.5,79.8,80.34
6/14/2017,0.717756221,37.1,28.8,0,11.4,2.5,80.1,85.04
6/15/2017,0.656421083,25.9,29.3,0,11.4,2.5,66.7,75.26
6/16/2017,0.121033102,20,26.9,0,13.9,2.5,87.9,87.68
6/17/2017,1.27700006,40,28,0,17.2,2.4,68.6,80.38
6/18/2017,1.76257035,36.2,28.9,0,13.9,2.4,80.1,82.11
6/19/2017,1.12600005,44,25.8,74.81,13.9,2.3,91.9,90.73
6/20/2017,0.542117797,49.8,28,2.2,9.2,2.6,81.2,78.12
6/21/2017,0.650023244,47.8,28.5,41.89,17.2,2.7,75.8,78.73
6/22/2017,1.75257035,36.1,29,12.99,11.4,2.7,73.5,80.4
6/23/2017,0.606421083,29.7,30,0,11.4,2.6,60.4,72.33
6/24/2017,0.349039184,23.8,30.6,5,11.4,2.6,47.6,69.06
6/25/2017,0.176233827,10.4,29.7,8,18.3,2.6,63.5,71.65
6/26/2017,1.13779523,8.2,29.9,4.62,17.2,2.6,59.1,73.86
6/27/2017,0.091000004,8.3,30,4.97,13.9,2.6,61.7,73.99
6/28/2017,0.101000004,11.5,29.7,9.6,11.4,2.7,63.4,76.62
6/29/2017,0.325398357,13,29.7,11,12.8,2.7,65.1,77.28
6/30/2017,0.121000004,17.2,29.4,6.4,17.2,2.6,72,78.38
7/1/2017,0.161000004,15,29.1,68.8,16.1,2.6,81.1,82.41
7/2/2017,0.151000004,16.6,28.3,68.93,13.9,2.5,85.7,85.53
7/3/2017,0.291000004,33.3,27.8,66.61,11.4,2.4,91.3,88.4
7/4/2017,0.311000004,39.3,27.7,41.71,17.2,2.3,80.1,87.13
7/5/2017,0.510000024,27.8,27.3,0,12.8,2.5,89.6,88.75
7/6/2017,0.196662259,29.2,29,0,13.9,2.5,72.5,79.97
7/7/2017,0.298000004,33.5,28.6,0,11.4,2.5,71.6,83.22
7/8/2017,0.328000004,34.5,29.1,0,13.9,2.5,72.5,78.65
7/9/2017,0.268000004,26.8,29.4,0,11.4,2.5,68.9,75.58
7/10/2017,0.281000004,31.7,27.9,0,13.9,2.4,82.1,83.65
7/11/2017,0.308000004,35,26.9,58.76,11.4,2.4,92,89.59
7/12/2017,0.298000004,31.9,27.7,95.55,11.4,2.4,84.4,84.68
7/13/2017,0.35997053,26.8,28.6,22.18,13.5,2.5,79,79.41
7/14/2017,0.301000014,23,29.6,5.76,9.2,2.6,74.3,74.76
7/15/2017,0.227150749,29.2,30.6,0,9.2,2.6,59.5,68.17
7/16/2017,0.183516513,31.4,31.3,4,9.2,2.6,59.9,67.09
7/17/2017,0.313532425,25.9,31,12.47,9.2,2.8,73.7,74.04
7/18/2017,0.122658109,25.2,30.5,7.4,11.4,2.7,69.4,74.67
7/19/2017,0.098658109,13.6,27.5,18.44,13.9,2.1,88.9,88.31
7/20/2017,0.138959906,22.2,26.8,99.09,11.4,2.5,94,90.02
7/21/2017,0.102352224,16.8,27.4,41.25,11.4,2.5,81.1,87.02
7/22/2017,0.245312306,17.3,28.8,41.4,11.4,2.6,78,79.36
7/23/2017,0.115488654,18.9,28,32.37,11.4,2.5,85.1,82.89
7/24/2017,0.148959906,20.8,26.9,70.08,18.3,2.5,90.2,90.17
7/25/2017,0.225312306,33.2,26.2,68.25,16.1,2.4,92.4,90.38
7/26/2017,0.201247322,29.9,26.7,85.63,9.2,2.4,84,90.62
7/27/2017,0.462000022,35.3,29.5,13.7,9.2,2.6,68.2,77.7
7/28/2017,0.709876887,46.5,30.5,0,8.1,2.7,63.3,73.5
7/29/2017,0.659876887,44.3,29,11.6,6.9,2.6,72.1,82.31
7/30/2017,0.533809544,60.8,28.7,18.13,13.9,2.5,71.1,80.53
7/31/2017,0.494596251,49.3,29,5.4,13.9,2.6,52.3,81.23
8/1/2017,0.244596251,37.6,30,38,11.4,2.6,70.7,77.35
8/2/2017,0.384596251,45.3,28.4,60.17,11.4,2.5,82.6,83.38
8/3/2017,0.452123512,52.6,28.6,207.06,11.4,2.5,76.9,84.85
8/4/2017,0.492000023,37.2,29.4,34.94,6.9,2.6,78.6,80.01
8/5/2017,0.191251231,22.9,29.8,1.6,12.8,2.6,70.2,77.71
8/6/2017,0.241261232,36.8,29.4,18.76,11.4,2.6,76.9,79.32
8/7/2017,0.191247322,27.9,29.3,28.8,13.9,2.6,76.4,77.51
8/8/2017,0.285312306,37.6,30.2,11.22,13.9,2.6,61.7,75.22
8/9/2017,0.225312306,30.2,30.3,9.39,11.4,2.6,68.5,75.61
8/10/2017,0.185312306,24.2,29.5,48.68,23,2.6,81.5,80.32
8/11/2017,0.265312306,33.9,27.9,43.76,16.1,2.5,93.4,89.89
8/12/2017,0.235312306,28.2,26.9,100.66,11.4,2.1,94.7,91.9
8/13/2017,0.285312306,35,28.1,25.66,9.2,2.5,86.5,83.65
8/14/2017,0.421612341,50.7,27.8,33.84,9.2,2.5,81.4,87.96
8/15/2017,0.31731792,38.2,28.3,116.52,9.2,2.5,85.5,86.92
8/16/2017,0.491235124,63.5,27.8,71.05,9.2,2.4,78.8,86.56
8/17/2017,0.361234152,45.8,29.3,11.38,11.4,2.6,73.5,77.13
8/18/2017,0.317755975,25.8,29.4,0,11.4,2.6,73.7,78.88
8/19/2017,0.241251232,21,29.8,1,11.4,2.7,70.6,72.52
8/20/2017,0.530000025,28,30.4,6,10.3,2.6,68.9,71.81
8/21/2017,0.332257117,43.9,29.5,17.8,11.4,2.6,65.8,77.05
8/22/2017,0.325413854,42.1,29,115.2,11.4,2.4,75.9,79.39
8/23/2017,0.17657466,24.1,28.2,176.24,11.4,2.6,72.4,85.09
8/24/2017,0.217924755,25.2,29.4,8.1,11.4,2.6,66.5,78.35
8/25/2017,0.283621835,27.8,29.7,33.79,9.2,2.7,58.6,79.68
8/26/2017,0.201235123,22.5,29.9,1,11.4,2.6,62.2,75.2
8/27/2017,0.164539112,18.9,28.9,49.07,11.4,2.4,79.8,78.08
8/28/2017,0.201657933,22.1,29,14.56,13.9,2.6,74.7,78.5
8/29/2017,0.388230361,27.8,29.1,40.19,11.4,2.6,61.9,77.5
8/30/2017,0.236157933,24.8,29.7,15.3,8.1,2.6,61.5,76.47
8/31/2017,0.271235121,28.7,28.2,94.5,5.8,2.4,72.3,85.28
9/1/2017,0.687333366,18.5,29.2,87.12,11.4,2.6,71.1,77.99
9/2/2017,0.201512313,21.9,28.8,17.52,10,2.6,80.8,81.34
9/3/2017,0.440000021,24.8,29.7,9.56,18.3,2.6,75.4,81.28
9/4/2017,0.381133351,29.5,30.3,12.55,11.4,2.7,61.4,74.42
9/5/2017,1.00296188,42.8,30.5,2,9.2,2.6,72.9,73.97
9/6/2017,0.737467534,54.5,30,27.6,110.5,2.6,75.4,76.02
9/7/2017,0.738740981,34.2,29.8,0,8.1,2.6,75.4,75.2
9/8/2017,1.16900006,21.1,30.5,0,11.4,2.6,73.1,73.36
9/9/2017,0.181231412,18.1,29.8,141.8,13.9,2.6,75,76.86
9/10/2017,1.57508584,23.8,27.7,61.91,11.4,2.4,81.5,85.7
9/11/2017,0.91712312,55.3,26,114.61,11.4,2.2,86,89.72
9/12/2017,0.23126502,34,28.4,15.82,6.9,2.6,66.3,80.63
9/13/2017,0.492546502,44.8,29.1,9.09,9.2,2.6,68.9,79.31
9/14/2017,0.27126502,34.7,29.8,0,8.1,2.6,69.7,76.48
9/15/2017,0.326545086,57.1,29.8,0,9.2,2.6,64.2,78.31
9/16/2017,0.217409147,52.9,31.1,0,6.9,2.6,32.8,69.53
9/17/2017,0.377000018,43,29.1,8.74,17.2,2.5,69.5,80.44
9/18/2017,0.192104122,17.2,29.2,16.37,9.2,2.6,71.7,74.59
9/19/2017,0.172314122,16.6,27.7,50.52,11.4,2.5,84.2,86.3
9/20/2017,0.214152612,23,28,84.33,13.9,2.4,83.5,85.25
9/21/2017,0.450827301,27.8,28.9,7.49,11.4,2.6,62.1,79.64
9/22/2017,0.350000017,27.4,30.4,0,6.9,2.7,47,72.03
9/23/2017,0.450397987,27.3,30.6,0,9.2,2.6,27.7,71.4
9/24/2017,0.525146131,50.8,31.1,0,9.2,2.6,45.2,73.75
9/25/2017,0.38064505,64,30.3,7,6.9,2.5,66.4,77.85
9/26/2017,0.513933566,80.3,30,9.7,8.1,2.5,68.3,79.68
9/27/2017,0.540000026,80.6,29.4,5.59,13.9,2.5,68.4,82.34
9/28/2017,0.740133335,80.6,28.7,83.96,10.6,2.5,86.6,84.14
9/29/2017,0.151236122,16.8,26.5,79.33,26.4,2.3,89.1,91.77
9/30/2017,0.213512231,36.4,27.9,39.45,9.2,2.6,75.7,85.12
10/1/2017,0.223205437,47.3,27.1,40.33,6.9,2.3,79.4,87.02
10/2/2017,0.15400083,42.1,28.5,20.71,6.9,2.6,74.1,77.88
10/3/2017,0.22510038,72.7,29,25.8,5.8,2.6,54.3,77.43
10/4/2017,0.199782151,45.6,30.3,0,5.8,2.6,49.9,75.06
10/5/2017,0.096284036,47.8,30.5,0,9.2,2.6,56.5,74.2
10/6/2017,0.247636016,59.5,29.4,5,8.1,2.5,66.4,77.62
10/7/2017,0.138446756,21.2,28.4,5.8,9.2,2.5,75,80.8
10/8/2017,0.227970143,13,28.1,4.74,13.9,2.6,68.5,78.51
10/9/2017,0.170398226,15,27.3,109.48,10.3,2.5,66.7,81.25
10/10/2017,0.189925699,29,29.1,20,9.2,2.7,40.5,73.15
10/11/2017,0.164155308,43.8,30,0,11.4,2.6,39.6,70.21
10/12/2017,0.211955571,48.8,30,0,11.4,2.6,48.3,73.31
10/13/2017,0.378813561,22.7,30.4,0,9.2,2.6,41.2,69.25
10/14/2017,0.445793156,19.3,30.3,0.4,9.2,2.8,47.9,71.07
10/15/2017,0.778869155,70.5,29.5,3,6.9,2.5,70.8,75.54
10/16/2017,0.764261656,92.1,29.5,0,8.1,2.3,57.3,75.43
10/17/2017,0.487029952,84.6,30.1,0,9.2,2.4,35.4,69.82
10/18/2017,0.240129198,50.2,29.7,35.7,13.9,2.6,65,73.33
10/19/2017,0.140436179,27.3,27.5,50.61,13.9,2.3,81.3,82.3
10/20/2017,0.113162351,14.7,24.9,107.77,16.1,1.8,92.8,93.43
10/21/2017,0.092312321,10.7,24.5,195.51,25.3,1.6,94.8,92.58
10/22/2017,0.312020354,24.5,25,6.96,13.9,2.4,69.2,82.52
10/23/2017,0.608687675,56.9,27.5,0,9.2,2.5,30.2,73.91
10/24/2017,0.967225139,73.5,27.5,0,11.4,2.2,64.6,76.55
10/25/2017,0.784251317,96.6,26.9,0,6.9,2.2,46.8,76.33
10/26/2017,0.685135687,71.3,27,0,8.1,2.3,42.3,75.87
10/27/2017,0.509865365,90.9,26.4,0,9.2,2.4,28.6,74.11
10/28/2017,0.457480964,79.8,26.1,0,6.9,2.3,27.3,72.46
10/29/2017,0.393700616,84.1,26,0,6.9,2.3,41.6,69.06
10/30/2017,0.843533111,56.5,22.9,3.2,9.2,2.3,75.1,81.94
10/31/2017,0.561634107,55.4,23.7,4,6.9,2.5,35.2,73.41
11/1/2017,0.36438944,50.6,24.7,0,5.8,2.5,14.6,71.79
11/2/2017,0.238511494,63,26.1,0,9.2,2.5,3.8,68.17
11/3/2017,0.150654543,65.3,26.5,0,8.1,2.5,1.2,66.31
11/4/2017,0.109751979,44.5,27,0,9.2,2.5,4.6,66.93
11/5/2017,0.133496378,43.4,27.3,0,9.2,2.5,4.6,67.01
11/6/2017,0.108233039,60.4,26.9,0,6.9,2.6,0,67.84
11/7/2017,0.14253013,60.8,26.9,0,6.9,2.5,1.9,66.84
11/8/2017,0.153449876,57.1,26.7,0,6.9,2.5,2.7,66.18
11/9/2017,0.204160859,72.8,25.8,0,9.2,2.6,5.9,68.94
11/10/2017,0.163029522,71.2,25.8,0,5.8,2.5,4.1,67.85
11/11/2017,0.145052179,75.5,25.9,0,6.9,2.5,21.4,64.11
11/12/2017,0.122926634,80.5,26.1,0,9.2,2.6,13.3,63.58
11/13/2017,0.113948868,61,26.9,0,6.9,2.6,43.2,59.41
11/14/2017,0.080427374,52.2,26.3,0,5.8,2.6,50,64.21
11/15/2017,0.190948868,53.5,24.1,4.6,9.2,2.5,81,76.88
11/16/2017,0.120427374,28,22.6,13.65,9.2,2.4,88.6,83.83
11/17/2017,0.244952882,32,25.6,5.09,6.9,2.5,72.8,79.25
11/18/2017,0.189253533,46.7,26.7,4.97,6.9,2.5,69.1,76.72
11/19/2017,0.260753207,71,26.4,0,9.2,2.3,42.9,74.88
11/20/2017,0.511162357,115.2,25.9,0,9.2,2.4,1.2,69.28
11/21/2017,0.481309302,142.1,24.2,0,13.9,2.4,0.2,66.72
11/22/2017,0.593539579,118.4,22.9,0,11.4,2.4,1,61.43
11/23/2017,0.719565898,177.7,22.4,0,9.2,2,7.8,66.33
11/24/2017,0.538392099,147.1,23,0,9.2,2.1,2.7,69.77
11/25/2017,0.496868163,147.7,22.8,0,8.1,2.1,1.2,65.33
11/26/2017,0.445216422,145.8,22.4,0,6.9,2.3,0,66.01
11/27/2017,0.581784881,127.8,23.3,0,10.3,2.3,8,67.77
11/28/2017,0.823675301,248.8,22.6,0,6.9,1.4,10.9,72.18
11/29/2017,0.628149081,241.5,21.6,0,6.9,1.3,7.5,81.49
11/30/2017,0.300466226,148.7,22.2,0,6.9,1.5,5.4,73.71
12/1/2017,0.166160223,129.2,21.9,0,5.8,2.1,0.1,71.06
12/2/2017,0.160096158,138.3,22.6,0,6.9,2.1,6.7,67.87
12/3/2017,0.222791974,105,22.8,0,5.8,2.2,2.8,64.8
12/4/2017,0.258035176,116.1,22.1,0,5.8,2.1,13.4,68.8
12/5/2017,0.207562876,134.2,21.6,0,5.8,2.2,2.5,69.37
12/6/2017,0.262284959,122.8,21.6,0,6.9,2.4,26.7,67.58
12/7/2017,0.148759681,119.5,22.6,0,6.9,2.4,25.4,64.83
12/8/2017,0.35411229,87.6,22.8,0,5.8,2.4,66.2,66.93
12/9/2017,0.123428126,42.1,21.7,13.62,11.4,2.1,90.1,85.77
12/10/2017,0.127333339,14.2,22.2,71.28,10.3,2.4,92.5,89.33
12/11/2017,0.18501358,35.1,23.1,9.05,9.2,2.3,79.2,87.76
12/12/2017,0.541702115,83.3,24.2,0.73,5.8,1.8,41,74.54
12/13/2017,0.97893049,208.3,23.6,0,5.8,1.6,15.7,79.63
12/14/2017,0.494687233,203.1,22.9,0,11.4,1.7,16.7,75.31
12/15/2017,0.437163439,155.4,21.2,0,9.2,2,1.2,71.41
12/16/2017,0.533432312,149,20.1,0,5.8,2.1,0,68.09
12/17/2017,0.577966206,187.6,20.2,0,5.8,1.1,27.2,83.27
12/18/2017,0.472468812,120.9,20.7,0,8.1,1.6,44.7,79.92
12/19/2017,0.357154478,133.5,19,0,8.1,1,65.1,87.63
12/20/2017,0.342558424,154.4,19.5,0,5.2,0.6,52.3,87.45
12/21/2017,0.329953118,154,19.7,0,6.9,1.3,31.2,78.78
12/22/2017,0.346545549,143.7,21.3,0,5.8,1.6,26.5,75.62
12/23/2017,0.58857655,157,21.4,0,5.8,1.7,23.9,74.65
12/24/2017,0.504931404,182.6,21.5,0,5.8,1.6,23.5,75.89
12/25/2017,0.45254354,155,21,0,6.9,1.7,17.6,77.06
12/26/2017,0.46290632,162.1,21.4,0,10.3,1.6,0,75.9
12/27/2017,0.298635704,176.5,21.2,0,9.2,1.6,0,77.23
12/28/2017,0.246721033,182.5,20.1,0,9.2,1.3,17,83.8
12/29/2017,0.182183799,164.6,20.5,0,6.9,1.2,30,79.9
12/30/2017,0.142207362,125,21.6,0,8.1,1.8,15.6,72.93
12/31/2017,0.158852938,143.3,21.2,0,5.8,2.2,6.8,66.33
1/1/2018,0.2852583,149,20.3,0,5.8,1.9,36.2,70.46
1/2/2018,0.455336495,169,21.1,0,8.1,1.5,49.3,73.47
1/3/2018,0.666041125,146.2,19.2,0,11.4,1.6,18.4,69.74
1/4/2018,0.504801099,182.1,15.9,0,9.2,1.7,0,71.72
1/8/2018,0.394121019,204.8,12.8,0,11.4,1.3,1.2,76.88
1/9/2018,0.371788386,195.8,15.3,0,8.1,1.4,4.2,74.27
1/10/2018,0.730257335,218,15,0,6.9,1.4,8.3,75.17
1/11/2018,0.937516804,257,14.1,0,9.2,0.6,24.3,85.93
1/12/2018,1.27792719,248.7,15,0,6.9,0.7,22.8,82.17
1/13/2018,1.46178072,253.6,15.7,0,6.9,0.7,39.5,85.72
1/14/2018,2.03739263,280.5,14.8,0,8.1,0.4,57.5,91.25
1/15/2018,0.852919696,217.9,15.3,0,5.8,0.7,31,83.4
1/16/2018,0.816006249,207.6,17.6,0,8.1,1.3,20,74.67
1/17/2018,0.549701127,221.9,18.7,0,6.9,1.1,30.8,76.86
1/18/2018,0.47852097,160.6,19.8,0,6.9,1.4,27.6,74.78
1/19/2018,0.441511073,156.4,19.7,0,9.2,2,0,69.09
1/20/2018,0.53869072,153.5,18.5,0,8.1,1.8,5.8,71.04
1/21/2018,0.595222752,212,18.3,0,9.2,1.3,6.3,73.9
1/22/2018,0.521427589,220.5,18.3,0,6.9,1.1,32.7,77.98
1/23/2018,0.489175883,200.2,20.3,0,8.1,1.4,22.3,75.93
1/24/2018,0.56137096,235.1,19.6,0,8.1,1.5,12,77.4
1/25/2018,0.818895798,194.1,19.9,0,6.9,2,5,66.42
1/26/2018,0.875544509,126.6,19.8,0,9.2,2.3,0,61.85
1/27/2018,0.723984884,153.7,18,0,11.4,2.1,0.1,65.51
1/28/2018,0.708101267,176.7,17.9,0,9.2,1.8,0,66.97
1/29/2018,0.676979711,234,18,0,10.3,1.7,0,67.26
1/30/2018,1.01054912,277,18.3,0,9.2,1.7,3.7,67.83
1/31/2018,1.07428608,207.9,19.2,0,9.2,1.4,7,72.5
2/1/2018,1.22119569,194.6,19.9,0,5.8,1.8,0,65.69
2/2/2018,1.96053816,285.7,20.2,0,6.9,1.3,17.7,75.85
2/3/2018,1.46317133,284.7,20.3,0,4.7,0.8,28.1,80.3
2/4/2018,0.916647842,216.1,21.2,0,8.1,1.5,9.8,72.69
2/5/2018,0.777384556,133.5,23.2,0,6.9,1.6,29.4,75.83
2/6/2018,0.830527269,228,22.8,0,8.1,1.4,20.3,71.9
2/7/2018,0.668074803,281,21.7,0,10.3,1.7,22,69.71
2/8/2018,0.637578197,109.8,22.5,0,9.2,2.4,56.5,57.45
2/9/2018,0.800040766,125,22.2,0,5.8,2.3,27.7,58.28
2/10/2018,1.37299823,114,23.6,2,10.3,2,39.8,63.81
2/11/2018,0.563158401,109,23,0,10.3,2.4,34,49.22
2/12/2018,0.310254728,145.7,22.9,0,9.2,2.2,12.7,55.98
2/13/2018,0.419445593,132,23.3,0,10.3,2.4,20.3,57.24
2/14/2018,0.470042006,107.5,23,0,8.1,2.4,34,56.64
2/15/2018,0.363413925,123.3,22.6,0,9.2,2.2,0,58.68
2/16/2018,0.345664403,127.1,22.8,0,10.3,2.3,2.3,52.76
2/17/2018,0.566467251,157.1,22.3,0,8.1,2,0,65.38
2/18/2018,0.736969731,210.8,22.5,0,6.9,2,2.9,64.22
2/19/2018,0.629686706,166.7,23.2,0,9.2,2.1,0,58.39
2/20/2018,0.739966737,205.4,24.8,0,8.1,2,21.1,59.28
2/21/2018,0.79667552,172.6,25.4,0,8.1,2,17.1,61.1
2/22/2018,0.828646022,166,25.8,0,6.9,2,18.8,62.79
2/23/2018,0.745460238,162.7,25.3,0,9.2,2.2,0.1,65.29
2/24/2018,0.713304501,115.1,26.3,0,5.8,2.2,0.1,68.19
2/25/2018,0.757904602,147.2,26.8,0,8.1,2,5.6,63.15
2/26/2018,0.612127443,73.3,25,17.27,15,2.4,43.8,66.87
2/27/2018,0.650578634,107.9,25.1,14,8.1,2.2,39.5,74.54
2/28/2018,0.55637025,100.4,26.2,0,8.1,2.4,30.1,64.19
3/1/2018,1.48977365,127.3,26.2,0,9.2,2.3,15.7,59.47
3/2/2018,0.875639448,163.5,27,0,6.9,2,12.5,62.18
3/3/2018,0.599392184,84,27.7,0,11.4,2.4,8.2,58.58
3/4/2018,0.446956597,85,28.5,0,13.9,2.3,5.7,61.61
3/5/2018,0.894554219,75.7,28.1,0,11.4,2.5,28.9,62.94
3/6/2018,0.740519712,110.1,28.1,0,8.1,2.5,26.3,46.4
3/7/2018,0.311654406,105,27.2,0,9.2,2.5,5.8,46.85
3/8/2018,0.299257874,102.1,25.9,0,9.2,2.6,0.1,46.37
3/9/2018,0.513732831,128.8,25.8,0,11.4,2.4,11.3,55.67
3/10/2018,0.479873494,156,25.7,0,12.8,2.3,3.8,57.64
3/11/2018,0.438278603,213.6,26.3,0,6.9,2.4,0,48.79
3/12/2018,0.67519398,143.8,27,0,9.2,2.4,17.7,58.17
3/13/2018,0.582643779,64,27.4,0,11.4,2.5,33.2,62.79
3/14/2018,0.768919844,123.2,26.6,0,8.1,2.4,23.4,68.53
3/15/2018,1.4512503,81.2,28,0,11.4,2.3,23.5,68.22
3/16/2018,0.985941075,64.2,28.1,1,10.3,2.5,71.3,66.85
3/17/2018,0.76355319,89.6,28.3,0.6,9.2,2.5,35.3,56.56
3/18/2018,0.652641354,125,28,0,11.4,2.3,34.4,59.83
3/19/2018,0.411850169,136,27.9,0,11.4,2.2,11.4,62.09
3/20/2018,0.466059883,109,27.8,0,10.3,2.4,2.9,55.6
3/21/2018,0.644652909,161.3,27.8,0,10.3,2.4,6.5,48.47
3/22/2018,0.907623323,155,28,0,10.3,2.4,13,57.36
3/23/2018,1.0872245,126.8,28.8,0,10.3,2.4,18,61.88
3/24/2018,1.59294003,79.5,29.2,0,9.2,2.7,48.8,67.98
3/25/2018,0.907159729,125.7,28.8,0,9.2,2.3,33.4,63.42
3/26/2018,1.69742059,94.1,27.4,15.6,16.1,2.5,68.5,70.43
3/27/2018,1.30015095,88,27,4,9.2,2.5,41,71.05
3/28/2018,1.28390137,92.1,28.6,0,13.9,2.3,56.6,69.87
3/29/2018,1.15198348,68,29.2,2.5,11.4,2.5,69.5,69.43
3/30/2018,0.711838097,55.5,26.2,0.19,18.3,2.5,62.6,72.18
3/31/2018,1.01654101,47.9,23.4,29.89,20.8,2.6,61.1,73.32
4/1/2018,0.404682714,87.4,27.7,0,6.9,2.7,34.1,58.35
4/2/2018,0.480000023,81,26,0,17.2,2.5,61,65.63
4/3/2018,0.784823749,127.4,28.6,0,8.1,2.4,44.5,64.17
4/4/2018,0.646437752,156.4,27.5,0,13.9,2.5,41.5,65.88
4/5/2018,0.831373675,138.3,27.8,9,13.9,2.4,44.6,67.85
4/6/2018,1.00502264,56.9,26,4.1,13.9,2.5,80.2,72.57
4/7/2018,1.77873023,52.2,27.2,2.79,13.9,2.5,74.8,71.24
4/8/2018,0.502422946,70,25.8,19.07,12.8,2.4,77.2,74.98
4/9/2018,2.27219231,86.7,28.1,0,12.8,2.4,52.2,68.28
4/10/2018,0.558616492,63,28.2,1.8,11.4,2.6,55,63.02
4/11/2018,1.09344966,84.8,28.2,0,10.3,2.5,60.2,67.16
4/12/2018,0.61778986,51.6,27.1,17.62,23,2.5,41.7,66.92
4/13/2018,0.422555386,57.7,28.2,13.47,16.1,2.6,45.6,68.94
4/14/2018,0.689472071,32.8,27.5,41.89,25.3,2.5,72.3,75.03
4/15/2018,0.39066462,71.1,28.1,11.81,9.2,2.6,31.7,64.43
4/16/2018,0.954024733,71.9,29.4,0,13.9,2.7,35.1,65.85
4/17/2018,1.00894148,63.9,25.6,36.46,13.9,2.5,72,73.44
4/18/2018,0.469951591,81.4,27.6,41.52,14.7,2.5,61.1,71.72
4/19/2018,0.60702242,37.1,26.9,49.58,18.3,2.6,80.5,74.49
4/20/2018,0.412714559,68.5,27.7,19.22,62.2,2.7,70.3,74.82
4/21/2018,1.98020863,64.9,26.7,22.25,17.2,2.5,86.8,80.94
4/22/2018,1.01628473,70.3,28.1,11.81,16.1,2.3,87.6,79.6
4/23/2018,0.37948503,49,28.9,5.7,8.1,2.5,63.5,74.08
4/25/2018,0.558588183,47.1,28.5,0,19.7,2.5,53.5,66.45
4/26/2018,0.762497643,49,26.4,36.04,13.9,2.4,76.8,67.11
4/27/2018,0.521535867,55.2,26.5,63.55,18.3,2.7,42.4,69.35
4/28/2018,0.728300677,74.8,29.2,0,11.4,2.5,38.4,68.63
4/29/2018,0.642965468,37,23.9,87.98,16.1,2.3,84,83.3
4/30/2018,0.618000029,31.8,23.2,83.8,13.9,2.3,82.1,83.72
5/1/2018,0.400177116,30.8,26.5,0,15,2.5,70.4,73.87
5/2/2018,0.215216123,38.4,25.7,23.85,17.2,2.4,74,81.74
5/3/2018,0.434316865,50,26,5.4,10.3,2.5,71.5,77.02
5/4/2018,0.495267456,57.3,25.6,80.6,13.9,2.3,75.4,80.32
5/5/2018,0.580167983,42.8,26.4,67.85,11,2.5,81.6,78.72
5/6/2018,1.79716038,34.8,28.4,21.6,17.2,2.5,83.8,76.69
5/7/2018,1.75104645,35.8,27.2,4.61,32.2,2.6,93,81.26
5/8/2018,0.587222437,37.1,29.4,2.69,16.1,2.5,92.2,81.15
5/9/2018,1.5099515,38,28.3,16,17.2,2.5,89,82.49
5/10/2018,0.47765871,27.5,25.5,25.74,11.4,2.5,88.2,83.13
5/11/2018,0.934178743,26.9,25.9,3.29,15,2.4,87.8,77.55
5/12/2018,0.37336565,47.2,27.1,15.41,9.2,2.6,35.7,70.07
5/13/2018,1.14138942,72.8,26.8,44.13,20.8,2.4,71.6,79.65
5/14/2018,0.56386874,47.2,27.7,14,11.4,2.6,75.7,71.57
5/15/2018,0.615206177,65.4,28.5,0,11.4,2.5,67.8,71.31
5/16/2018,0.274000013,60.5,24.3,45.51,17.2,2.3,91.2,81.32
5/17/2018,0.528651942,54.3,26.8,6.9,9.2,2.5,85.1,77.63
5/18/2018,0.598651942,59.8,26.2,37.25,15,2.5,83,84.96
5/19/2018,0.843973045,39.6,27.3,0,11.4,2.4,72.3,77.55
5/20/2018,0.737806183,44.7,26.7,0,12.8,2.3,77.6,81.7
5/21/2018,1.8363854,48.9,26.6,0,23,2.3,87.8,83.53
5/22/2018,0.636961143,54.6,27.1,0,11.4,2.4,90.4,85.29
5/23/2018,0.39275941,39.3,26.5,63.95,13.9,2.4,88.9,86.09
5/24/2018,0.37336565,44.5,28.4,8.41,12.8,2.6,87.7,80.84
5/25/2018,1.06376476,23.3,29.1,21.17,17.2,2.5,90.2,82.71
5/26/2018,0.74979482,35.7,29.8,42.5,15,2.6,76.2,76.84
5/27/2018,0.368593522,20.8,31.4,0,11.4,2.6,42.4,72.33
5/28/2018,0.553791336,38.7,30.7,0,9.2,2.6,49.2,74.4
5/29/2018,0.402607853,31.3,29.7,0.6,23,2.6,49.6,63.1
5/30/2018,0.839778668,60.1,30.7,22.27,11.4,2.6,58.8,65.47
5/31/2018,0.994811099,44.4,26.1,158.13,23,2.3,93,84.18
6/1/2018,0.989000047,32.3,26.7,47.2,26.4,2.5,92.9,85.25
6/2/2018,0.681191701,43.8,28.1,7.02,11.4,2.5,88.8,82.17
6/3/2018,0.953107718,57.8,27.9,45.54,18.3,2.5,85.4,83.52
6/4/2018,0.99742736,55,28.8,22.2,10.3,2.5,82,79.06
6/5/2018,0.553443855,38.3,29.8,13.42,11.4,2.5,66.2,75.68
6/6/2018,0.434528884,34.1,30.4,7.45,8.1,2.5,64.4,77.22
6/7/2018,0.297363602,33.8,30.8,0.2,8.1,2.6,63.6,77.64
6/8/2018,0.557000026,19.6,29.8,25.08,8.1,2.3,76,79.64
6/9/2018,0.470580825,39.8,30.8,3,10.3,2.6,82.7,74.5
6/10/2018,0.344000016,20.3,28.6,76.69,9.2,2.5,91.2,79.77
6/11/2018,0.293000014,19.8,28.6,31.05,9.2,2.6,86.2,80.89
6/12/2018,0.297363602,32.8,28.5,71.97,11.4,2.3,94.5,86.49
6/13/2018,1.25512541,33.9,28.5,6.4,24.4,2.5,87.3,79.93
6/14/2018,1.60743367,49.7,31.2,0,13.9,2.6,81.2,75.18
6/15/2018,0.919859462,50,30.2,0.2,17.2,2.5,91.2,82.31
6/16/2018,1.37004138,24.8,27.6,119.08,23,2.5,92.6,82.78
6/17/2018,1.10000005,37.1,30.3,2,11.4,2.6,78.2,76.94
6/18/2018,1.29056635,42.2,30.3,26.13,16.1,2.7,78.3,74.72
6/19/2018,1.03911467,37.6,27.4,41.07,20.8,2.3,84.5,85.39
6/20/2018,1.26005169,41,29.7,12.2,11.4,2.6,73.7,77.55
6/21/2018,1.39816712,49.8,30.8,16.4,12.8,2.7,69.5,77.78
6/22/2018,1.26704871,27.9,30.6,14,12.8,2.6,67.9,75.16
6/23/2018,0.799666705,37.6,28.4,100.31,9.2,2.3,86.1,82.14
6/27/2018,0.298333348,16.6,28.8,18.37,18.3,2.6,85.6,80.01
6/29/2018,1.56800007,35.3,29.9,2,16.1,2.5,68,75.66
7/2/2018,1.24000006,25.8,29.4,39.46,11.4,2.5,90.1,78.71
7/6/2018,0.721363192,43,30.1,1,11.4,2.7,62.5,75.12
7/7/2018,0.286941588,32.5,30.4,0,11.4,2.7,71.7,72.69
7/9/2018,0.157055814,25.3,29.1,15.86,16.1,2.6,82.6,79.4
7/11/2018,0.271614167,34.1,30,3.04,11.4,2.5,71,77.74
7/14/2018,0.334284188,19.6,30.9,1,11.4,2.6,76.7,70.76
7/15/2018,0.21100001,14.5,30.4,12.2,15,2.5,88.5,75.23
7/18/2018,0.302731137,26.6,30.6,2.44,13.9,2.6,79.9,76.24
7/19/2018,0.207320671,37.1,32.6,0,6.9,2.8,51.1,70.4
7/20/2018,0.524004592,49.7,31.1,20.62,20.8,2.5,86.8,77.64
8/7/2018,1.66266799,26.9,29.8,15.05,17.2,2.5,79.6,73.24
8/10/2018,0.312884631,51.9,30.6,5.6,11.4,2.6,72.7,72.41
8/14/2018,0.313665115,25.6,31.1,5.97,11.4,2.5,89.3,73.39
8/16/2018,0.314232148,26.2,30.8,14.4,15,2.6,77.7,72.19
8/17/2018,0.270333346,26.2,30.5,1.43,11.4,2.6,80.7,73.98
11/1/2018,0.091123372,38.5,27.8,0,9.2,2.5,21.7,67.13
11/2/2018,0.147764485,106.9,27.8,0,6.9,2.5,57.1,70.68
11/3/2018,0.381815845,83,27.8,0,6.9,2.5,47.3,72.65
11/4/2018,0.791078396,86.2,27.5,0,9.2,2.1,39.1,70.82
11/5/2018,1.11739265,63,26.7,0,11.4,2.4,47.2,74.5
11/6/2018,0.760768041,90.7,26.3,0,8.1,2.4,64.3,75.81
11/7/2018,0.85825816,126.3,24.9,0,8.1,1.7,51.9,78.53
11/8/2018,0.458862642,109.1,25.4,0,10.3,2.4,17,67.09
11/9/2018,0.484669036,147.5,24,0,5.8,2.3,3.8,69.37
11/10/2018,0.4671415,240.1,23.8,0,4.7,2.1,37.6,68.15
11/11/2018,0.360254535,161,24.2,0,9.2,2.2,12.5,68.99
11/12/2018,0.362844963,151.7,24.6,0,6.9,2.1,32.9,69.54
11/13/2018,0.508916505,113.6,24.6,0,5.8,2.3,23,68.74
11/14/2018,0.806397999,178.4,24.4,0,5.8,1.9,13.1,72.61
11/15/2018,0.701831587,247.3,24.7,0,5.8,1.7,13.2,72.68
11/16/2018,0.691508566,177.3,25.7,0,6.9,1.9,4.6,67.64
11/17/2018,0.979531788,141.5,25.6,0,9.2,2.2,36.3,67.08
11/18/2018,0.687995723,143.7,24,0,6.9,2.4,0.1,62.1
11/19/2018,0.641854888,137.2,23.4,0,5.8,2.2,7.7,67.85
11/20/2018,0.693161553,183.8,23.4,0,6.9,2.1,6.3,66.37
11/21/2018,0.648884338,120.5,23.9,0,8.1,2.2,6.6,68.73
11/22/2018,0.451428871,128.3,23.5,0,9.2,2.1,3.6,70.21
11/23/2018,0.447063528,146.9,23.4,0,6.9,2.1,7.5,69.71
11/24/2018,0.386177215,125.5,23.2,0,6.9,2.3,9.2,71.25
11/25/2018,0.316352014,89,23.4,0,8.1,2.3,1,67.3
11/26/2018,0.253477821,136.4,23.7,0,11.4,2.3,13.4,65.2
11/27/2018,0.183256738,102,24.8,0,9.2,2.3,21.7,63.95
11/28/2018,0.191131279,80.8,24.8,0,7.4,2.4,4.2,58.64
11/29/2018,0.248775812,129.7,23.7,0,8.5,2.4,6.5,62.3
11/30/2018,0.424242623,101.5,23.2,0,9.2,2.3,13.4,63.96
12/1/2018,0.416236751,122.1,23.2,0,6.9,2.2,48,64.19
12/2/2018,0.339298807,105.6,22.5,0,11.4,2.1,26.3,66.8
12/3/2018,1.11784744,125,22.5,0,9.2,2.3,17.9,64.56
12/4/2018,0.330035765,158.5,22.3,0,8.1,2.1,11.5,67.58
12/5/2018,0.317920956,128.7,22.2,0,8.1,2.3,23,64.63
12/6/2018,0.569137543,178,22.3,0,6.9,2,35.1,68.87
12/7/2018,0.608162273,179.3,21.6,0,9.2,2,8.7,68.43
12/8/2018,0.430241747,192.8,21.5,0,10.3,2.1,20.4,66.18
12/9/2018,0.284726003,149.6,21.8,0,8.1,2.1,10.5,69.87
12/10/2018,0.161014993,155.7,21.3,0,8.1,2.1,0,69.16
12/11/2018,0.202050409,166.6,21.4,0,5.8,2.1,12,65.62
12/12/2018,0.395498843,220.3,21.7,0,8.1,2,7.4,66.11
12/13/2018,0.311078599,190.6,22.2,0,8.1,1.7,5.8,69.28
12/14/2018,0.468141029,143.8,22.3,0,9.2,2.1,14.5,70.18
12/15/2018,0.37585231,155.4,21.8,0,9.2,2.2,35.4,66.07
12/16/2018,0.269971555,147.9,22.6,0,10.3,2.3,82.3,66.7
12/17/2018,1.00284744,148.1,20.8,0,11.4,1.5,93.4,83.55
12/18/2018,0.235968921,53.2,18.8,0,11.4,2.2,95.1,87.32
12/19/2018,0.265968921,54.8,17.8,0,9.2,2.4,77.6,83.39
12/20/2018,0.26687183,130.5,17.5,0,8.1,1.4,52.1,85.17
12/21/2018,0.577853614,130.3,18.8,0,9.2,1.6,31.9,78.6
12/22/2018,0.437025276,165.5,19.8,0,10.3,1.7,32.7,72.44
12/23/2018,0.328180044,180.8,20,0,6.9,1.8,16.2,72.52
12/24/2018,0.347799772,166.8,20,0,9.2,1.6,22.9,73.79
12/25/2018,0.533910021,193.8,19.9,0,8.1,1.9,6.3,68.98
12/26/2018,0.502693578,198.3,19,0,6.9,1.7,0,68.63
12/27/2018,0.611304396,178.9,18.3,0,11.4,1.7,2.3,65.82
12/28/2018,0.673621476,153.1,17.9,0,9.2,1.9,0,62.98
12/29/2018,0.560728922,144.4,17,0,8.1,2.3,0,64.77
12/30/2018,0.295919702,133.9,18.1,0,11.4,2.3,0,61.94
12/31/2018,0.251876092,128,19.6,0,8.1,2,0,63.85
1/1/2019,0.264136586,130.7,20.6,0,5.8,2.1,1.1,62.01
1/2/2019,0.236604672,150.5,20.6,0,6.9,2.2,0,62.95
1/3/2019,0.37235154,156.4,19.4,0,9.2,2.1,0,64.82
1/4/2019,0.819917497,257.9,18.3,0,9.2,1.9,0,62.75
1/5/2019,0.240403059,183,18.5,0,6.9,1.9,0,66.37
1/6/2019,0.184356332,161.4,19.9,0,6.4,1.9,1.7,63.51
1/7/2019,0.204970202,182.8,20.9,0,5.8,2,2.3,63.47
1/8/2019,0.427112277,164.8,20,0,11.4,2,4.2,66.77
1/9/2019,0.669336087,161,19.6,0,8.1,2.4,0,62.59
1/10/2019,0.822728177,180.8,19.2,0,6.9,2.1,0,63.31
1/11/2019,0.448201206,199.5,19.2,0,8.1,1.8,0,63.09
1/12/2019,0.409861471,206.8,19.7,0,5.8,2,2.3,65.27
1/13/2019,0.315422189,173.5,20.4,0,8.1,1.9,5.8,68.7
1/14/2019,0.858200371,162.7,20.3,0,9.2,2.2,1,62.23
1/15/2019,0.730928317,186.8,19.8,0,11.4,2.1,0,63.06
1/16/2019,0.398334436,139.6,19.3,0,11.4,2.2,0,61.31
1/17/2019,0.438032418,190.1,20,0,9.2,2,0,61.37
1/18/2019,0.586116189,257.4,20.1,0,9.2,1.8,2.1,67.77
1/19/2019,0.732564928,260.3,19.6,0,6.9,1.3,17.1,72.38
1/20/2019,0.57196283,267,20.6,0,9.2,1.5,0,67.75
1/21/2019,0.513491047,211.6,20.4,0,6.9,1.9,0,64.33
1/22/2019,0.341485646,198.6,21,0,5.8,2,2.4,60.28
1/23/2019,0.359285252,248.8,21.5,0,5.8,1.9,2.3,62.9
1/24/2019,0.637964903,231.1,21.8,0,10.3,2.1,0,60.58
1/25/2019,0.512988447,159.8,22.7,0,9.2,2.3,0,52.99
1/26/2019,0.399029085,174,22.3,0,6.9,2.2,15.1,59.29
1/27/2019,0.522795524,135.9,23.3,0,9.2,2.4,42.7,56.47
1/28/2019,0.497057598,126.3,22.6,0,11.4,2.5,54,58.83
1/29/2019,0.724858027,130.9,20.9,0,11.4,2.5,45.7,59.31
1/30/2019,0.421655403,131,19.3,0,11.4,2.5,0,57.43
1/31/2019,0.31529989,170.2,19.2,0,5.8,2,0,65.63
2/1/2019,0.223788221,245.5,21,0,9.2,2,8.7,60.89
2/2/2019,0.308735015,213.7,21.7,0,9.2,1.9,7.4,60.6
2/3/2019,0.389945236,320.8,22.3,0,9.2,2.1,0,57.12
2/4/2019,0.345909037,231.8,22.1,0,9.2,2,0,58.58
2/5/2019,0.335239947,158.2,21.3,0,9.2,2.3,16.1,55.87
2/6/2019,0.525182246,217.5,21.1,0,9.2,2.2,0,57.38
2/7/2019,0.638747724,240.2,21.8,0,5.8,1.9,2.3,61.66
2/8/2019,0.721892987,264.3,22.9,0,11.4,2,28.1,58.64
2/9/2019,0.872512799,75,22,0,11.4,2.5,65.4,64.61
2/10/2019,0.351159118,205.5,21.2,0,11.4,2.5,19.2,61.01
2/11/2019,0.230560783,112.3,21,0,11.4,2.2,4.2,60.73
2/12/2019,0.266244838,131.7,21.3,0,9.2,2.3,2.4,64.74
2/13/2019,0.245125931,147.2,22.6,0,11.4,2.2,0,60.63
2/14/2019,0.380741988,170.8,23,0,9.2,2.1,0,62.35
2/15/2019,0.552468888,381.3,23.8,0,10.3,2,3.6,62.38
2/16/2019,0.407066319,261,22.8,0,11.4,2.3,37.9,58.01
2/17/2019,0.960344147,156.9,20.5,0,8.1,2.3,37.9,73.88
2/18/2019,0.616154268,240.6,21,0,6.9,1.8,2.1,65.58
2/19/2019,0.599381285,214,23.3,0,10.3,2.1,0,56.23
2/20/2019,0.759903964,126.7,24.1,0,11.4,1.9,29.5,69.82
2/21/2019,0.553411516,205,23.9,0,8.1,2,2.3,60.25
2/22/2019,0.603846521,175.8,24,0,9.2,1.8,13.7,68.45
2/23/2019,0.706288008,144.6,26.1,0,11.4,2,19.1,65.98
2/24/2019,0.39629451,129.8,25.3,0,9.2,2.1,10.9,57.74
2/25/2019,0.377982781,109.3,22,0,15,2.3,66.3,63.59
2/26/2019,0.453760063,82.4,20.8,0,11.4,2.3,83.3,79.22
2/27/2019,0.432616655,50.9,20.3,0,20.8,2.1,85.8,82.46
2/28/2019,0.376799434,51.6,20.7,0,11.4,2.4,84,83.07
3/1/2019,0.218938331,106,21.8,0,8.1,2.2,8.2,63.32
3/2/2019,0.285946067,87.9,21.5,0,11.4,2.4,0,51.35
3/3/2019,0.3727045,135.2,22.3,0,11.4,2.5,8.7,54.58
3/4/2019,1.92774202,241.1,22,0,6.9,1.7,63.8,70.67
3/5/2019,2.27327056,112.5,21.8,0,11.4,1.8,78,79.16
3/6/2019,1.38056926,111.8,23.7,0,8.1,2,63.8,72.78
3/7/2019,0.964834824,124.4,24.6,0,6.9,1.8,51.9,62.22
3/8/2019,0.423012034,108.5,24.5,0,16.1,2.5,19.1,54.91
3/9/2019,0.516065456,177.6,23.5,0,34.4,2.3,0,59.98
3/10/2019,0.799944935,189.7,25,0,10.3,2.2,16,62.36
3/11/2019,0.775159435,120.7,26.1,0,6.9,2,53.7,77.38
3/12/2019,0.47911235,83.4,27.5,0,10.3,2,49.6,66.69
3/13/2019,0.587950845,106.4,27.9,0,8.1,2.2,44.3,69.41
3/14/2019,0.534816287,113.9,28,0,9.2,1.9,36.1,69.99
3/15/2019,0.42450914,135.9,28.2,0,11.4,2.3,49.8,56.5
3/16/2019,0.422396764,87.2,29.1,0,9.2,2.5,34.3,51.61
3/17/2019,0.644723542,118.4,28.3,0,6.9,2.4,23.4,56.69
3/18/2019,0.488731836,80.3,25.9,0,13.9,2.3,61.7,66.7
3/19/2019,0.800768308,92.7,25.5,0,9.2,2.4,51.3,68.52
3/20/2019,0.436880791,95.3,26.6,0,9.2,2.2,26,64.69
3/21/2019,0.489483462,81.2,28.1,0,11.4,2.5,19.6,62.09
3/22/2019,1.00883312,153.3,28.4,0,13.9,2.4,41.8,64.96
3/23/2019,0.459151532,94.2,28.3,0,11.4,2.4,16.7,55.2
3/24/2019,0.275810989,147.3,27.8,0,9.2,2.3,0,57.87
3/25/2019,0.404241949,146.2,28.2,0,9.2,2.4,0,54.75
3/26/2019,0.692053991,194.5,28,0,21.9,2.3,19.8,59.61
3/27/2019,0.749774323,107.7,24.9,0,13.9,2.4,57.8,66.56
3/28/2019,0.524217095,94.2,26.9,0,10.3,2.5,16.7,60.08
3/29/2019,1.01138867,168.1,28.3,0,9.2,2.3,11.8,62.82
3/30/2019,1.31701947,83.3,29.1,0,11.4,2.5,56.1,61.37
3/31/2019,1.4998059,50.7,27.8,0,24.2,2.3,71,71.3
4/1/2019,0.401373179,47,24.9,0,18.3,2.4,61.8,71.28
4/2/2019,0.54749174,63.9,25.5,0,17.2,2.3,74.5,80.55
4/3/2019,0.865488775,50.6,24.9,0,11.4,2.5,48.8,73.3
4/4/2019,1.00991825,133.7,27.8,0,11.4,2.2,52.6,70.15
4/5/2019,1.37799478,77.1,27.5,0,11.4,2.3,63.8,78.15
4/6/2019,0.431204702,48.7,27.5,0,34.4,2.1,69.8,71.75
4/7/2019,0.332423975,67,25.4,0,11.4,2.3,65.3,68.49
4/8/2019,0.614130937,77.5,25.4,0,34.4,2.1,61.8,76.95
4/9/2019,0.192569567,36.5,24.2,0,18.3,2.2,72.1,79.38
4/10/2019,0.454674908,46.1,23.7,0,9.2,2.5,60.7,77.43
4/11/2019,0.302259915,108.7,27.3,0,18.3,2.1,65.3,77.56
4/12/2019,0.840712478,69.9,27.4,0,11.4,2.5,66.9,75.46
4/13/2019,0.691484954,88.3,27,0,18.3,2.1,61.7,79.31
4/14/2019,0.389128201,89.4,28,0,6.9,2.4,38.6,66.51
4/15/2019,0.712475953,46.7,29.7,0,11.4,2.4,44.3,70.69
4/16/2019,0.736472622,51.3,30.2,0,13.9,2.5,57.6,71.12
4/17/2019,0.75516907,58.5,29.8,0,21.9,2.4,43,68.78
4/18/2019,0.496358553,80.2,29,0,11.4,2.3,16.9,63.08
4/19/2019,0.38453182,124.4,29.7,0,9.2,2.3,27,58.36
4/20/2019,0.372770177,83.4,30.2,0,10.3,2.3,16.9,60.3
4/21/2019,0.670831729,74.2,29,0,25.3,2.4,26.2,60.33
4/22/2019,0.524554439,55.9,28.6,0,9.2,2.5,44.6,57.46
4/23/2019,0.490316619,70,29.5,0,9.2,2.5,15,62.65
4/24/2019,0.801682492,135,30.8,0,5.8,2.4,23.1,57.72
4/25/2019,0.483019933,89.2,32.3,0,9.2,2.4,6.9,58.76
4/26/2019,1.34432712,51.3,31.4,0,11.4,2.4,30,61.69
4/27/2019,0.81590633,64,30.7,0,18.3,2.5,61.6,69.57
4/28/2019,0.513890618,55.9,31.6,0,16.1,2.5,59.2,70.15
4/29/2019,0.385376808,55,31.8,0,19.7,2.5,64,68.08
4/30/2019,0.350793956,28.4,31.8,0,16.1,2.5,64.2,66.58
5/1/2019,0.465605411,118.8,31.7,0,17.2,2.5,43.1,60.97
5/2/2019,0.21200001,128.7,31.5,0,13.9,2.5,61,63.68
5/3/2019,0.972341252,132.1,28.3,0,18.3,2.4,82,81.45
5/5/2019,0.366122012,44.2,29.2,0,13.9,2.5,39.2,68.15
5/6/2019,0.37451159,52.1,30.6,0,13.9,2.5,42.7,67.12
5/7/2019,0.341564284,70.3,30.8,0,13.9,2.5,46,67.77
5/8/2019,0.43815069,59.7,31,0,13.9,2.5,57.8,68.68
5/9/2019,0.582208841,56.3,31.1,0,17.2,2.5,57.3,72.1
5/10/2019,0.726437921,56.3,31.9,0,21.9,2.5,52.8,72.79
5/11/2019,0.580627992,50.3,31.7,0,17.2,2.5,60.2,68.85
5/12/2019,0.976279646,45.8,31.3,0,13.9,2.5,48.5,66.95
5/13/2019,0.925625253,60.3,30.4,0,19.7,2.5,72.7,70
5/14/2019,0.828427647,48.4,28.5,0,11.4,2.4,62.4,74.53
5/15/2019,0.447926165,52.4,30.7,0,11.4,2.5,50.1,68.69
5/16/2019,0.520802804,45,30.2,0,16.1,2.5,49,68.14
5/17/2019,0.673507824,41.5,29.5,0,46.1,2.4,64.6,76.86
5/18/2019,0.2791553,66,28.8,0,13.9,2.5,59.8,74.81
5/19/2019,0.861895869,65,29,0,20.8,2.5,59.9,76.52
5/20/2019,0.466920209,74.2,30,0,25.3,2.5,58.9,73
5/21/2019,2.29286418,79.9,31,0,13.9,2.5,43.5,62.67
5/22/2019,0.551982259,43.2,30.6,3,23,2.6,47.1,70.23
5/23/2019,1.16692611,37.3,28.1,34.33,11.4,2.4,70.2,75
5/24/2019,2.18605001,31.8,29.2,12.88,17.2,2.5,77.4,78.82
5/26/2019,0.34881785,44.9,30.4,3,10.3,2.6,46,71.31
5/27/2019,0.209137014,40.1,31,9.6,16.1,2.6,64.8,75.36
5/28/2019,0.370719679,61.5,31,6.5,13.9,2.7,47,68.4
5/29/2019,0.308436615,54.7,31.6,0,13.9,2.7,47.2,69.35
5/30/2019,0.595131706,38.7,31.9,0,12.8,2.6,53,68.15
5/31/2019,0.631768398,37.3,30.2,2.7,17.2,2.7,71.1,67.63
6/1/2019,1.03073419,38.2,28.4,103.37,11.2,2.5,60.8,75.72
6/2/2019,0.530341205,41,27.4,17.48,21.9,2.4,79.5,80.44
6/3/2019,0.7533782,28.3,27.8,24.77,13.9,2.5,77.8,81.13
6/4/2019,0.329110669,21.8,28.1,32.13,13.9,2.6,81.7,82.73
6/5/2019,0.559815085,9.6,26.2,71.77,11.4,2.3,87.7,88.66
6/7/2019,0.542000026,12.8,29,1,15,2.7,53.4,79.22
6/9/2019,0.33388375,23.5,28.4,7.61,11.4,2.4,82.2,83.39
6/10/2019,0.716228132,30.5,30.6,19.65,10.3,2.6,59,72.64
6/11/2019,0.700294238,33.6,31.2,0,6.9,2.5,35.1,70.34
6/12/2019,0.787083377,29.1,32,0,8.1,2.5,45.6,71.69
6/13/2019,0.583102177,42.3,31.8,0,9.2,2.5,66.1,74.72
6/14/2019,1.09245055,35.3,30.6,0,10.3,2.6,77.1,78.92
6/15/2019,1.28900006,43.8,27.6,30.36,9.2,2.6,77.6,83.1
6/16/2019,0.685967084,40.9,30.1,0,15,2.6,63.9,74.82
6/17/2019,1.73430044,32.7,30.6,0,13.4,2.6,68,76.95
6/18/2019,0.624575065,50.8,30.2,76.3,11.4,2.5,67.1,73.94
6/19/2019,0.827398613,67,32.4,0,8.1,2.7,56.3,69.76
6/21/2019,0.712000034,33.2,30.3,2.55,23,2.6,74.8,78.95
6/22/2019,0.309000015,25.8,30,25.7,11.4,2.5,60.2,77.63
6/23/2019,0.678705081,29.2,31.3,27.46,9.2,2.6,40.2,69.84
6/24/2019,0.381627541,19.7,32.3,0.4,11.4,2.7,39.5,67.09
6/26/2019,0.586000028,16,31.7,0,15,2.6,72,73.1
6/28/2019,0.711913669,25.3,28.6,12.25,17.2,2.5,77.4,84.27
6/29/2019,2.09904399,38.1,30.2,2.8,10.3,2.5,62.8,78.03
6/30/2019,0.845592502,38.3,30.3,25.76,9.2,2.6,73.7,80.01
7/1/2019,0.201254278,24.8,30.2,8.23,18.3,2.6,72.4,76.71
7/2/2019,0.487993211,19,28.3,33.99,21.9,2.4,81,82.04
7/3/2019,0.387895358,17.8,29.3,14.58,16.1,2.5,62,78.79
7/4/2019,0.276469823,33.7,30.7,14.96,11.4,2.7,74.8,75.46
7/5/2019,0.19149967,20.7,30.5,5.3,17.2,2.7,69.2,73.01
7/6/2019,0.15149967,17.7,28.8,10.4,16.1,2.6,87.5,84.33
7/7/2019,0.31246346,33.3,28.5,40.05,11.4,2.5,87.7,87.79
7/8/2019,0.30253317,32,28.6,60.72,11.4,2.4,80.1,87.55
7/9/2019,0.29949967,29,29.5,29.8,12.8,2.6,83.6,84.79
7/10/2019,0.27949967,28.7,29.5,47.31,16.1,2.6,76.5,79.24
7/11/2019,0.20149967,24.4,28.3,21.33,16.1,2.3,91.6,88.47
7/12/2019,0.27149967,28.6,27.3,109.49,11.4,2.4,88.6,88.6
7/13/2019,0.27649967,28.3,28.8,29.26,13.9,2.4,82.5,85.87
7/14/2019,0.503451655,34.4,27.1,80.83,16.1,2.5,90.4,89.65
7/15/2019,0.695663457,41.8,27,25,17.2,2.4,85.4,88.59
7/16/2019,1.39754103,65.5,29.3,2.9,17.2,2.5,76.4,84.71
7/17/2019,1.00142291,76.4,30.8,0,6.9,2.5,43.6,75.59
7/18/2019,1.14033452,76.5,30.6,9,9.2,2.3,59.5,78.79
7/19/2019,0.708054976,40.7,30.9,1.3,13.9,2.6,61.9,73.59
7/20/2019,0.525684319,24.3,31.1,3.24,11.4,2.6,41.5,70.47
7/21/2019,0.396788792,23.6,31.7,0,10.3,2.6,51.5,73.82
7/22/2019,0.184729245,18.5,31.9,29.69,13.9,2.5,69.9,69.54
7/23/2019,0.194729245,19.5,31.4,1,15,2.6,54.7,66.87
7/24/2019,0.195729245,19.7,31,8,12.8,2.6,81.1,76.62
7/25/2019,0.507994184,63.7,29.3,20.29,8.1,2.6,78.3,80.62
7/26/2019,0.405684319,37.3,27.8,57.94,11.4,2.3,88.3,89.28
7/27/2019,0.175729245,14.4,28.1,35.71,13.9,2.5,81.8,82.75
7/28/2019,0.155971788,11,29.4,0.89,18.3,2.6,78.4,74.43
7/29/2019,0.185729245,18.3,29.4,6.87,16.1,2.6,68.1,76.39
7/30/2019,0.336636857,35.1,28.6,17.69,11.4,2.5,73.9,81.16
7/31/2019,0.445684319,48.2,29,28.96,13.9,2.5,72.4,81.53
8/1/2019,0.505142881,27.7,30,28.8,11.4,2.6,67.1,77.82
8/2/2019,0.18747913,30.1,30.1,9.29,13.9,2.6,62.9,76.31
8/3/2019,0.171000008,21.3,29.4,24.7,12.8,2.5,75.7,82.97
8/4/2019,0.377241616,29.7,30.5,7,10.3,2.6,63.4,74.2
8/5/2019,0.227130147,28.2,31.9,1,9.2,2.6,55.5,74.32
8/6/2019,0.247820073,26.4,31.7,29.07,12.8,2.6,74.8,72.85
8/7/2019,0.213472247,10.5,29.5,27.3,23,2.6,78.3,74.01
8/8/2019,0.596000028,16,27.3,115.35,17.2,2,88.6,90.79
8/9/2019,0.291231412,31.5,29.7,9.01,11.4,2.6,73.2,78.45
8/10/2019,0.623592231,31.4,31.2,3.7,9.2,2.6,59.4,72.86
8/11/2019,0.339210779,32,31.6,0,6.9,2.6,59.4,74.59
8/12/2019,0.345007297,13.6,30.8,40.01,16.1,2.5,71.1,75.43
8/13/2019,0.484679024,4.8,28.3,61.73,13.9,2.5,84.2,84.98
8/14/2019,0.096123124,14.9,27.8,56.2,11.4,2.5,88.7,87.86
8/15/2019,0.141521313,21.5,28.7,12.94,13.9,2.6,79.6,84.41
8/16/2019,0.181231294,26.8,29.2,1.98,11.4,2.5,81,83.46
8/17/2019,0.230314805,21.3,29.6,24.66,11.4,2.4,75.8,80.33
8/18/2019,0.478666689,16.1,29.8,1,18.3,2.7,66.6,73.88
8/19/2019,0.457430943,30.2,30.7,1,11.4,2.6,50.3,71.27
8/20/2019,0.541000026,21.3,30.9,1,8.1,2.6,65.1,72.89
8/21/2019,0.801000038,39.2,31.6,1,6.9,2.6,59.4,70.93
8/22/2019,0.654972815,46.3,30.2,4.56,13.9,2.6,74.4,77.63
8/23/2019,0.361231231,34.4,29.1,7.42,10.3,2.5,76.8,83.64
8/24/2019,0.118021057,14.4,28.5,17.35,13.9,2.5,81,82.85
8/25/2019,0.175363683,23.6,30.1,10,11.4,2.6,66.7,74.5
8/26/2019,0.325305019,38.2,30.8,19,11.4,2.7,46.7,70.76
8/27/2019,0.346205045,24.4,30.7,0.5,15,2.6,45.4,72.97
8/28/2019,0.295123412,36,30.4,0,11.4,2.6,61.1,74.1
8/29/2019,0.280174498,27.9,31.7,0,11.4,2.6,46.5,66
8/30/2019,0.404000019,31.5,31.7,0,8.1,2.6,50.7,69.09
8/31/2019,0.498198585,33.3,30.3,0.41,10.3,2.6,67.7,77.62
9/1/2019,0.276696833,44.7,31.8,2,9.2,2.6,52.7,71.53
9/2/2019,0.224192081,111,29.6,41.7,11.4,2.5,73.9,76.32
9/3/2019,0.236278853,88,30.2,1.3,15,2.6,75.1,73.41
9/4/2019,0.279000013,52,30.4,10.8,17.2,2.6,71.4,73.57
9/5/2019,0.215648857,32,30.2,12.7,17.2,2.6,70.2,76.77
9/6/2019,0.145139232,22.5,29.9,8.7,18.3,2.7,58.1,75.47
9/7/2019,0.198726272,18.4,29.1,4.54,13.9,2.6,75.2,81.74
9/8/2019,0.213766897,28.2,29.3,4.06,15,2.6,77.8,79.24
9/9/2019,0.362877598,39,28.5,35.62,11.4,2.6,77.1,85.22
9/10/2019,0.372877598,39.9,29.6,25,9.2,2.6,65.4,82.49
9/11/2019,0.43000002,22.4,29.8,6.11,13.9,2.6,71.2,78.46
9/12/2019,0.19813124,22.5,28.2,19.65,17.2,2.6,84.3,86.95
9/13/2019,0.372341253,47.5,27.5,24.39,10.3,2.5,92.8,90.77
9/14/2019,0.367123123,40.9,29.7,0.8,9.2,2.6,68.4,76.05
9/15/2019,0.302811109,29.3,30.6,5,9.2,2.6,57,72.13
9/16/2019,0.107128902,33.9,29.8,1.2,9.2,2.5,77.3,78.19
9/17/2019,0.312215412,41.5,30.2,0,11.4,2.7,62.7,77.25
9/18/2019,0.224158613,55,30.8,0,9.2,2.5,38.4,72.5
9/19/2019,0.322114614,75.3,31.2,0,6.9,2.6,52.3,70.83
9/20/2019,0.296080189,57.8,30.4,16.8,13.9,2.6,54.5,72.95
9/21/2019,0.368169176,47.2,30,5.49,11.4,2.6,60.3,76.3
9/22/2019,0.305220348,46.6,28.7,6.4,17.2,2.6,74.1,81.57
9/23/2019,0.233980665,35.7,28.1,51.77,13.9,2.5,72.9,83.4
9/24/2019,0.27123123,25.7,27.4,18.36,11.4,2.5,82.4,85.02
9/25/2019,0.505000024,19.3,26.6,22.18,9.2,2.5,88.6,86.43
9/26/2019,0.291512312,34,27.9,9.05,9.2,2.5,83.2,80.54
9/27/2019,0.130078229,41.8,28.6,2,10.3,2.6,68.9,75.55
9/28/2019,0.238380677,38.2,27.8,10.36,9.2,2.5,79.4,81.14
9/29/2019,0.443714307,28.2,27.2,18.45,8.1,2.5,81.2,85.66
9/30/2019,0.331412512,38.7,27.5,1.67,8.1,2.6,76.7,82.39
10/1/2019,0.285846763,33,27,90.37,9.2,2.4,80.8,88.11
10/2/2019,0.274899025,37,28.8,18,11.4,2.5,71.1,76.6
10/3/2019,0.661000031,70.9,28.6,19.38,11.4,2.3,58.8,78.67
10/4/2019,0.751275975,50.4,29.5,0,6.9,2.6,46.1,76.11
10/5/2019,0.809000038,55.8,29.6,0,9.2,2.6,54.2,77.06
10/6/2019,0.5887349,69.9,29,12.81,9.2,2.6,70.1,79.19
10/7/2019,0.580769437,81.9,28.1,3,8.1,2.5,61.8,82.57
10/8/2019,0.115553773,49.8,28.4,9.6,13.9,2.4,63.4,78.93
10/9/2019,0.21691101,32.5,28.3,2.2,9.2,2.6,64.1,78.96
10/10/2019,0.341652679,43.1,26.2,46.94,9.2,2.5,74.4,86.22
10/11/2019,0.189574408,23.3,28.3,2.6,6.9,2.6,51.4,75.51
10/12/2019,0.535360005,72.8,29.1,0,6.9,2.7,33.7,72.9
10/13/2019,0.404916852,64.4,29,0,9.2,2.5,28.9,71.03
10/14/2019,0.412866874,69.4,28.9,0,9.2,2.6,24.9,66.98
10/15/2019,0.436795488,76,29.4,0,9.2,2.6,21.1,70.78
10/16/2019,0.373418275,48.9,28,18.3,12.8,2.5,50,79.19
10/17/2019,0.298822464,47.8,29.2,1.3,5.8,2.6,28,72.08
10/18/2019,0.23255208,52.9,30,0,9.2,2.3,22.2,68.94
10/19/2019,0.332884389,73.5,30,0,6.9,2.5,18.5,69.16
10/20/2019,0.533565774,78.5,30.1,0,9.2,2.5,15.3,64.27
10/21/2019,0.822273753,89.9,29.3,0,9.2,2.5,20.7,67.18
10/22/2019,0.820009696,96.5,28.9,0,6.9,2.3,50.5,74.95
10/23/2019,0.399699847,106.1,27.8,0,9.2,1.6,68,82.13
10/27/2019,0.118373553,50.3,25.6,2,11.4,2.5,62.5,77.29
10/28/2019,0.275329917,135,25.9,0,10.3,2.6,29.6,70.14
10/29/2019,0.164599584,138,26.5,0,6.9,2.5,18.6,71.36
10/30/2019,0.295294605,159,27,0,9.2,2.5,30.7,69.18
10/31/2019,0.49747797,163,27.2,0,9.2,2.6,24.4,68.58
11/1/2019,0.344685363,149,27.6,0,8.1,2.5,33.7,70.01
11/2/2019,0.219187287,156,27.4,0,8.1,2.5,24,67.75
11/3/2019,0.197259543,144,26.9,0,6.9,2.4,41.7,74.03
11/4/2019,0.309135851,177,27,0,11.4,2.4,22.8,68.66
11/5/2019,0.759092354,159,27.2,0,5.8,2.3,20.2,71.83
11/6/2019,0.724810277,157,26.7,0,9.2,2.1,32.1,75.1
11/7/2019,0.267543612,190,26.1,0,8.1,2.4,51.4,69.85
11/8/2019,0.436602559,168,25.5,4.54,6.9,2.2,80.9,79.74
11/9/2019,0.215783776,25.3,24.2,31.28,13.9,2.4,92.1,90.87
11/10/2019,0.193333343,15.2,23.9,44.59,23,2.4,91,85.71
11/11/2019,0.217190178,40.7,26.1,6.79,13.9,2.5,52.7,76.41
11/12/2019,0.465511875,71.9,26,0,9.2,2.3,24.6,74.53
11/13/2019,0.566590129,82.8,26.5,0,6.9,2.2,27.1,72.17
11/14/2019,0.148774913,69.1,26.8,0,6.9,2.3,10.4,70.48
11/15/2019,0.177092757,87,26.4,0,8.1,2.3,0,67.95
11/16/2019,0.360833264,103.7,26.2,0,6.9,2.3,20.4,68.28
11/17/2019,0.571652171,123.7,25.8,0,9.2,2.3,31.2,70.01
11/18/2019,0.590057865,124,25.2,0,4.7,2.4,19.5,70.4
11/19/2019,0.715388493,168.3,24.7,0,5.8,1.7,37.3,74.66
11/20/2019,0.561931737,70.8,24.3,0,6.9,2.2,19.6,60.96
11/21/2019,0.408026679,101.3,24,0,6.9,2.3,20.6,69.51
11/22/2019,0.438590078,122.9,24,0,5.8,2.2,28.6,71.27
11/23/2019,0.599847846,117.8,24.6,0,8.1,2.2,27.1,71.48
11/24/2019,0.751302916,136.7,24.3,0,6.9,2.2,18.2,73.07
11/25/2019,0.516533781,104.8,24.3,0,6.9,2.1,11.8,72.69
11/26/2019,0.430274804,88.2,25,0,5.8,2.3,2.3,73.12
11/27/2019,0.235005863,65.7,24.4,0,6.9,2.3,0,70.71
11/28/2019,0.19806984,79,24.7,0,5.8,2.5,0,71.41
11/29/2019,0.278470287,105.3,24.7,0,5.8,2.3,0,71.88
11/30/2019,0.483391279,124.4,24.3,0,9.2,2.3,0.6,69.23
12/1/2019,0.665405957,129,23.8,0,10.3,2.3,22.2,67.12
12/2/2019,0.487917757,118.7,23,0,5.8,2.2,23.5,67.95
12/3/2019,0.483984001,130.6,22,0,5.8,2.3,15.1,69.13
12/4/2019,0.325465912,111.2,21.5,0,6.9,2,6.5,68.51
12/5/2019,0.127911151,79.2,22.9,0,11.4,2.4,4.5,66.62
12/6/2019,0.186330252,59.7,23.7,0,9.2,2.4,20.3,63.46
12/7/2019,0.160595181,81.3,23.2,0,6.9,2.4,16.5,61.97
12/8/2019,0.329369554,101.4,23.3,0,5.8,2.4,39.4,64.61
12/9/2019,0.465611547,148,22.5,0,6.9,2.2,42.5,68.15
12/10/2019,0.65586206,125.8,21.9,0,9.2,2.2,19.4,67.02
12/11/2019,1.07615889,146.6,21.5,0,9.2,2.2,24.3,67.54
12/12/2019,1.01704525,162.6,21.4,0,6.9,2,11,69.09
12/13/2019,0.502245124,194.7,21.1,0,4.7,1.9,6,69.64
12/14/2019,0.534009585,140.2,21.4,0,9.2,2,2.3,69.66
12/15/2019,0.79909477,134,22,0,8.1,2.1,7.3,69.87
12/16/2019,0.513104013,120.5,22.1,0,6.9,2.3,23.2,68.52
12/17/2019,0.686942263,121.9,21.1,0,9.2,1.7,30.7,73.94
12/18/2019,0.498581632,146.8,18,0,11.4,1.6,32.9,81.7
12/19/2019,0.526095098,158.9,15.1,0,6.9,0.9,66.2,88.94
12/20/2019,0.318194985,161,15.7,0,6.9,1,64.8,86.84
12/21/2019,0.250963998,138.8,14.7,0,8.2,0.8,64.1,86.99
12/22/2019,0.457469204,123,15.4,0,5.8,1.1,59,82.28
12/23/2019,0.274566031,136.2,17.6,0,8.1,1.8,53.7,76.73
12/24/2019,0.567693783,216.8,16.4,0,8.1,0.9,55.9,84.84
12/25/2019,0.711891467,177.8,16.4,0,5.8,0.7,57.2,85.61
12/26/2019,0.928261842,271.3,17.2,0.1,5.8,0.9,67.4,82.74
12/27/2019,1.73209644,222.3,17,8.88,11.4,1,75.8,85.23
12/28/2019,0.66253449,167.6,16.3,0.75,10.3,1.1,40.1,82.61
12/29/2019,0.281347964,162.9,18,0,8.1,1.5,11,74.24
12/30/2019,0.317453116,114.2,18.5,0,6.9,1.8,23.6,71.65
12/31/2019,0.354080724,174.5,20,0,9.2,1.9,9.4,71.59
1/1/2020,0.470228436,204.7,21.4,0,4.7,1.8,25.9,64.38
1/2/2020,0.491987564,146.5,21.7,0,6.9,2.2,40.1,69.58
1/3/2020,0.230542305,50.1,19.1,30.86,11.4,2.4,84.1,84.46
1/4/2020,0.579229998,61,19.7,12.1,5.8,2.2,65.9,77.79
1/5/2020,0.385468377,106.9,19.2,0,8.1,1.9,54.1,77.99
1/6/2020,0.492203325,128.7,17.7,0,11.4,1.7,13.5,79.17
1/7/2020,0.826516464,182.3,15.5,0,9.2,0.8,42.4,85.67
1/8/2020,0.370286831,130.9,16.7,0,6.9,1.1,49.8,81.45
1/9/2020,0.251136939,165.2,18.8,0,5.8,1.4,69.3,78.25
1/10/2020,0.803931671,141.6,19.3,0,9.2,1.5,25.3,73.43
1/11/2020,1.07717306,175.4,16.4,0,9.2,1,44.8,85.58
1/12/2020,0.401838611,200.6,15.3,0,10.3,0.7,52.4,89.34
1/13/2020,0.460126688,227,16.5,0,4.7,0.9,58.7,82.53
1/14/2020,0.457236153,247.2,17.4,0,3.4,0.6,53.1,85.93
1/15/2020,0.430824669,262.4,19.5,0,6.9,0.9,47.9,80.2
1/16/2020,0.639707886,211.8,20.4,0,5.8,1.2,28.5,76.57
1/17/2020,0.477029645,130.4,21.3,0,6.9,1.7,3.5,70.71
1/18/2020,0.630994957,167.6,22.4,0,5.8,1.7,8.1,68.05
1/19/2020,0.692644209,195.3,21.2,0,11.4,1.6,21.3,74.94
1/20/2020,0.919493776,138.4,19.2,0,10.3,1.9,28.9,71.96
1/21/2020,0.377362697,160.2,18.6,0,8.1,1.9,15.8,67.81
1/22/2020,0.419632771,177.8,18.8,0,8.1,1.6,7.4,69.26
1/23/2020,1.37787267,198.1,19,0,6.9,1.9,24.6,67.45
1/24/2020,0.711402093,202.1,18.3,0,9.2,1.4,15.5,74.17
1/25/2020,0.764551205,157.9,17.8,0,6.9,1.7,6.4,66.65
1/26/2020,0.99412995,174.7,18.6,0,11.4,2,9.2,67.39
1/27/2020,1.7216236,215.6,17.9,0,6.9,1.1,24.3,76.57
1/28/2020,1.41059588,272,18.5,0,3.4,1.2,37,74.52
1/29/2020,2.33674048,259.3,19.1,0,6.9,0.7,66.8,84.79
1/30/2020,1.10803942,269.9,20.7,0,6.9,0.9,65.9,76.93
1/31/2020,1.54602824,210.5,20.8,0,9.2,1.1,38.8,76.93
2/1/2020,1.30680911,134.8,19.5,0,9.2,1.8,5.5,63.96
2/2/2020,0.650910973,113.9,19,0,11.4,2,1.2,63.73
2/3/2020,0.51370794,146.2,17.5,0,10.3,2.2,0,66.83
2/4/2020,0.517565351,142.8,19.4,0,9.2,2.1,12.4,62.29
2/5/2020,0.888000571,136.4,20.9,0,9.2,2.1,31.9,57.68
2/6/2020,0.637406731,149.8,19.8,0,9.2,1.9,3.5,62.47
2/7/2020,0.670205492,142.6,20.3,0,9.2,1.9,44.7,60.66
2/8/2020,0.286915232,152.8,20,0,10.3,1.8,65.8,62.76
2/9/2020,0.565267811,156.9,21.5,0,11.4,2,35.8,62.6
2/10/2020,0.499981479,115.5,20.4,0,11.4,2.2,0,56.79
2/11/2020,0.490353859,129.8,20.6,0,11.4,2.3,0,59.42
2/12/2020,0.476401886,138.8,20.9,0,11.4,2.1,4.6,61.83
2/13/2020,0.646210409,151,20.3,0,9.2,2,0,61.07
2/14/2020,1.18076357,255.3,20.6,0,6.9,1.9,9.6,65.63
2/15/2020,1.5166876,163.6,23,0,9.2,1.8,25,69.26
2/16/2020,1.25134403,187.6,23,0,9.2,1.5,24.4,70.14
2/17/2020,1.636421,197.7,22.8,0,11.4,1.7,0,68.76
2/18/2020,1.02458939,205.8,22.5,0,10.3,1.6,8.1,68.35
2/19/2020,1.07387683,212.1,23.5,0,9.2,2.3,2.1,61.55
2/20/2020,0.687740474,273.8,23.5,0,5.8,2,25.1,64.94
2/21/2020,0.634241335,186.3,23.3,0,11.4,2,17.9,62.36
2/22/2020,0.425326039,138.2,23.8,0,6.9,2.3,9.1,60.43
2/23/2020,0.560648824,167.5,24.9,0,6.9,2.2,42.5,61.68
2/24/2020,0.39436594,195.6,24,0,10.3,1.9,57.1,70.26
2/25/2020,0.384090118,167.6,21.3,0.21,9.2,1.5,70.8,78.52
2/26/2020,0.338675732,108.4,21.5,2.8,9.2,1.9,43.4,71.43
2/27/2020,0.659606608,128.5,22,0,5.8,2,41.5,68.78
2/28/2020,0.308675732,106.7,23.7,0,11.4,2.3,4.2,56.91
2/29/2020,0.264296609,114,25.7,0,8.1,2.4,1.3,51.12
3/1/2020,0.577071273,125,25.2,0,8.1,2.2,0,58.39
3/2/2020,1.19464499,146.1,25.2,0,9.2,2.4,18.8,63.13
3/3/2020,1.08926215,111.4,23.7,29.66,20.8,2.3,48.7,67.72
3/4/2020,2.65699477,96.9,24.8,13,12.8,2.4,56,64.03
3/5/2020,0.927321509,76.1,24.9,32.2,12.8,2.5,52.1,63.58
3/6/2020,1.63533863,90.6,24.8,12.4,11.4,2.4,62.2,68.85
3/7/2020,0.484757318,83.4,23.2,0.51,13.9,2.1,56.6,72.28
3/8/2020,0.44781765,167.5,25.1,0.84,6.9,2.4,56.5,70.55
3/9/2020,0.315504921,91.2,24.3,0,8.1,2.4,21,61.9
3/10/2020,0.279406025,104.8,24.5,0,9.2,2.5,2.7,55.22
3/11/2020,0.780364828,123.3,25.7,0,11.4,2.5,23.9,54.34
3/12/2020,0.783949562,131.2,27,0,6.9,2.3,37.5,57.67
3/13/2020,0.766093546,115,27.9,0,9.2,2.4,9.7,63.62
3/14/2020,0.453087926,83.6,27.1,0,17.2,2.5,39.1,58.5
3/15/2020,0.401944336,62.5,25.8,0,13.9,2.6,36.7,62.24
3/16/2020,0.461559213,80.8,26.6,0,10.3,2.5,22.8,56.85
3/17/2020,0.815020765,82.9,26.8,0,9.2,2.5,34.3,53.38
3/18/2020,0.666914943,87.6,26.8,0,8.1,2.6,24.8,54.83
3/19/2020,0.532267735,95.8,26.6,0,8.1,2.6,19.9,52.35
3/20/2020,1.45221706,157.5,26.9,0.7,13.9,2.4,60.1,62.38
3/21/2020,0.52079877,140.4,26.9,2,10.3,2.4,44.4,58.83
3/22/2020,0.415384892,45.8,25.1,1.5,11.4,2.5,69,62.82
3/23/2020,0.567257977,76.3,25.6,0,5.8,2.6,31.3,62.33
3/24/2020,0.48115067,130.6,26.7,1.7,5.8,2.3,24.7,60
3/25/2020,0.607537232,138.1,27.5,0,11.4,2.4,15.1,58.63
3/26/2020,0.770357855,134,29,0,9.2,2.4,19.5,58.03
3/27/2020,0.541838029,99.5,29.4,0,11.4,2.2,10.3,54.32
3/28/2020,0.373193498,78.2,30.5,0,13.9,2.6,1.3,59.23
3/29/2020,0.224790518,48.6,30.1,0,11.4,2.7,0.6,49.8
3/30/2020,0.146552279,47.3,29.1,0,11.4,2.6,11.7,43.72
3/31/2020,0.225995581,85.7,29.1,0,11.4,2.7,20,43.93
4/1/2020,0.332132916,123.8,29.7,0,9.2,2.7,2.8,51.16
4/2/2020,0.615514312,66.1,29.1,1.5,13.9,2.4,35.2,62.14
4/3/2020,0.548592483,78.8,27.9,66.6,16.1,2.6,54.4,68.75
4/4/2020,0.262981055,62,29.1,0,9.2,2.7,40.2,57.1
4/5/2020,0.541130016,95.8,29.5,22,11.4,2.7,45.8,63.97
4/6/2020,0.266040276,107,29.6,0,13.9,2.7,0.1,54.8
4/7/2020,0.382183135,52.5,30.7,0,13.9,2.6,4.9,54.38
4/8/2020,0.407956096,47.8,28.6,0.4,11.4,2.5,52.1,70.22
4/9/2020,0.344849715,55.2,30.2,0,9.2,2.4,39.6,63.66
4/10/2020,0.481435414,52.5,30.5,0,11.4,2.6,19.5,57.29
4/11/2020,0.397122776,28.9,29.9,0.4,19.7,2.6,36.8,60.95
4/12/2020,0.46140557,33.7,26.1,2.03,20.8,2.6,44.8,69.04
4/13/2020,0.647274514,74.9,29.3,0,8.1,2.7,42.9,60.66
4/14/2020,0.842032153,70.4,30.4,6.8,6.9,2.7,44.3,64.19
4/15/2020,0.67603466,33.3,27.7,3.6,23,2.6,54.8,73.83
4/16/2020,0.464686551,41.8,27.1,0.8,11.4,2.6,47.5,62.58
4/17/2020,0.647093259,32,28.2,0,13.9,2.6,66.5,69.48
4/18/2020,0.590304171,34.4,28.6,6,13.9,2.6,75.6,75.14
4/19/2020,0.30668106,31.1,28.7,44.3,18.3,2.6,46.7,66.94
4/20/2020,0.549707135,33.1,27.5,19.3,13.9,2.6,74.4,75.24
4/21/2020,0.380518945,57.7,26.9,1.4,16.1,2.6,77.2,71.79
4/22/2020,0.350518945,53,27.4,21.09,11.4,2.6,67,66.16
4/23/2020,0.326231895,42.4,26.7,49.47,11.4,2.4,69.8,78.48
4/24/2020,0.524364466,42.4,24.4,23.82,152.1,2.6,79.3,80.62
4/25/2020,0.377020134,34.9,26.2,9.27,11.4,2.6,73.9,72.68
4/26/2020,0.386129219,26.6,24.3,53.14,11.4,2.6,73.1,83.93
4/27/2020,0.162670993,37,26.1,36.8,8.1,2.7,62.4,74.57
4/28/2020,0.686347267,49.2,25.7,4.29,11.4,2.6,76.7,82.82
4/29/2020,0.179420714,38.4,26.5,4.2,9.2,2.6,69.8,75.17
4/30/2020,0.163581121,43.9,26.1,2.9,18.3,2.6,61.4,80.08
5/1/2020,0.397161409,59.8,25.4,15.09,85.2,2.6,63.2,84.57
5/2/2020,0.197741849,45,25.8,20.1,13.9,2.5,79.4,82.42
5/3/2020,0.199444671,35.4,27.2,10.56,9.2,2.7,68.3,75.09
5/4/2020,0.677052664,59.9,29.3,0,6.9,2.6,54.6,70.94
5/5/2020,0.47403821,33.9,29.6,0,11.4,2.6,52.5,71.04
5/6/2020,0.100111589,33.8,26.8,43.46,18.3,2.5,71.4,79.65
5/7/2020,0.070826663,83.8,27.7,9.9,18.3,2.6,52.5,76.11
5/8/2020,0.210113686,64.4,27.9,9.5,11.4,2.6,45,70.2
5/9/2020,0.279335887,74.1,29.2,22.96,13.1,2.6,53.2,74.5
5/10/2020,0.460809574,61.3,28.4,5,12.8,2.6,62.8,71.37
5/11/2020,0.397996231,56,28.6,4,11.4,2.6,66.2,69.73
5/12/2020,0.389510167,56.3,29.8,0,4.7,2.7,30.9,65.77
5/13/2020,0.758523319,48.4,28.9,19.3,18.3,2.5,70.9,69.63
5/14/2020,1.18367152,62.7,28.6,33.18,13.9,2.4,68,69.81
5/15/2020,0.395801255,43.4,28.8,30.54,11.4,2.7,73.7,77.13
5/16/2020,0.404963274,40.4,29.8,18,13.9,2.6,58.8,71.75
5/17/2020,0.409057924,28.9,30.7,0,17.2,2.6,63.5,67.79
5/18/2020,0.267174877,41,31.2,0,11.4,2.7,42.2,61.43
5/19/2020,0.444963274,42.4,30,13.85,49.4,2.6,80.2,71.86
5/27/2020,0.175000008,18.3,25.7,146.03,26.4,2.3,83.9,85.39
5/28/2020,0.431103648,24.4,27.7,17.71,13.9,2.6,72.5,73.23
5/29/2020,0.439190107,30.2,28.2,3.59,13.9,2.6,66.8,76.01
5/30/2020,0.460000022,22.3,27.7,6,13.9,2.7,66.2,71.96
5/31/2020,0.902487126,30.4,29.4,0,13.9,2.7,70.2,69.86
6/1/2020,0.563000027,34.1,29.4,0,13.9,2.7,63.6,68.04
6/2/2020,0.697508195,43.8,29.5,4.4,17.2,2.7,52.4,70.92
6/3/2020,0.530268137,28.5,28.9,17.92,16.1,2.5,72.6,75.75
6/4/2020,0.530268137,28.5,27.6,31.8,23,2.4,79.2,81.34
6/5/2020,0.209658178,41.4,28.3,23.2,11.4,2.5,78.3,78.2
6/6/2020,0.189658178,31.4,28.8,10.87,13.9,2.6,81.1,80.17
6/7/2020,0.940265606,52.6,30.4,0.4,11.4,2.6,65.4,71.42
6/8/2020,1.54100007,54.8,28.9,4,13.9,2.7,74.7,76.71
6/9/2020,0.816850023,63.5,30.2,0,9.2,2.7,53.3,66.1
6/10/2020,0.545803222,45,29.5,29.02,8.1,2.5,74.1,74.18
6/11/2020,0.29856569,32.4,28,7.55,11.4,2.5,78,82.29
6/12/2020,0.225624797,23,29,15.91,6.9,2.6,74.4,75.74
6/13/2020,0.239806456,24.5,27.8,50.65,11.4,2.4,84.7,83.6
6/14/2020,0.170214485,30,29.2,19.03,11.4,2.6,66,76.26
6/15/2020,0.230000011,34.1,30.5,6.5,16.1,2.7,62.5,68.86
6/16/2020,0.459934599,37.4,30.4,12.81,17.2,2.6,73.7,71.03
6/17/2020,0.344426665,38.2,27.3,39.36,13.9,2.6,83.2,88.75
6/18/2020,0.209783544,23.6,28.4,51.43,13.9,2.5,84.7,84.31
6/19/2020,0.503000024,30.5,28.3,91.1,11.4,2.5,78.5,82.34
6/20/2020,0.383675048,28.8,29.8,4.9,13.9,2.7,62.6,74.17
6/21/2020,0.048922291,25.1,29.2,19.57,13.9,2.6,74.1,77.59
6/22/2020,0.057922291,29.7,29.6,7.82,17.2,2.6,73.3,75.44
6/23/2020,0.416276529,32.9,30.7,45,13.9,2.7,63.7,71.92
6/24/2020,0.318476497,26.4,31,0,17.2,2.7,64.7,69.35
6/25/2020,0.652000031,24,31.4,0,16.1,2.7,76.7,69.09
6/26/2020,0.295647545,20,30.3,0,19.7,2.7,73,72.66
6/27/2020,0.737617495,15,30.4,4.06,20.8,2.7,76.5,74.17
6/28/2020,0.586234123,36.9,28.6,14.78,18.3,2.5,74.3,80.46
6/29/2020,0.621739258,43.7,29.9,0.4,13.9,2.7,64.3,73.53
6/30/2020,0.547615418,25,29.3,1.4,9.2,2.7,71.1,76.16
7/1/2020,0.375923493,16.3,31.7,1,17.2,2.7,61.6,68.45
7/2/2020,0.542000026,24.2,31.5,0,13.9,2.7,63,66.26
7/3/2020,0.634412312,35.2,30.9,4,11.4,2.7,75.4,69.92
7/4/2020,0.694412312,39,29.6,19.57,8.1,2.7,74.3,74.39
7/5/2020,0.375000018,24,28.7,29.35,11.4,2.6,75.1,81.36
7/6/2020,0.185095646,17.6,29,11.63,18.3,2.7,79,78.24
7/7/2020,0.368037677,21.2,29.5,20.18,18.3,2.7,78.9,79.61
7/8/2020,0.782341231,50.8,30.4,14.9,13.9,2.7,70.8,72.14
7/9/2020,0.357123124,22,29.5,26.94,18.3,2.6,80.7,77.26
7/10/2020,0.285321235,15.5,29.8,15.79,117.4,2.6,76.5,76.83
7/11/2020,0.296123125,17.3,29.1,31.9,17.2,2.3,88.3,83.19
7/12/2020,0.583242352,42,28.1,39.08,20.8,2.4,85.6,88.58
7/13/2020,0.832342233,59,29.1,30.44,8.1,2.6,73.8,80.93
7/14/2020,0.917000044,33.3,29,25.22,10.3,2.5,68.4,80.87
7/15/2020,0.481000023,59.7,29.7,9.66,16.1,2.7,75.4,73.22
7/16/2020,0.156050995,35.2,29.9,8.1,13.9,2.7,61.1,66.93
7/17/2020,0.136123561,33.6,30,17.77,11.4,2.6,67.9,74.22
7/18/2020,0.494000023,26.9,30.2,28.9,23,2.6,58.1,75.16
7/19/2020,0.316123125,17.8,30.4,0.2,18.3,2.7,66.6,70.35
7/20/2020,0.135123125,31,26.9,89.65,20.8,2.2,86,87.11
7/21/2020,0.146123126,35.8,27,80.42,16.1,2.2,92.8,90.93
7/22/2020,0.136132734,31,27.5,49.99,17.2,2.3,82.5,87.84
7/23/2020,0.361241621,41.6,28.6,7,11.4,2.6,77.3,77.87
7/24/2020,0.215125322,29.9,28.7,7.48,11.4,2.6,80.5,80.2
7/25/2020,0.271176107,38.8,30.1,1.2,23.9,2.7,49.7,73.01
7/26/2020,0.216123123,31.8,31.8,0.2,11.4,2.7,57.9,68.56
7/27/2020,0.196234323,27.6,30.6,46.5,9.2,2.7,69,77.24
7/28/2020,0.461231231,45.5,29.4,83.7,13.9,2.5,79.2,79.87
7/29/2020,0.416234234,43.9,28,49.48,13.9,2.3,85.5,87.97
7/30/2020,0.196234232,19,30.7,25.4,11.4,2.7,68.7,72.96
7/31/2020,0.112512533,16.1,30.1,0.4,11.4,2.7,74.8,73.01
8/1/2020,0.267371559,20.8,30.1,39.71,11.4,2.6,73.8,75.78
8/2/2020,0.373000018,29.1,30.5,5.8,6.9,2.6,66.4,77.4
8/3/2020,0.766516303,38.6,30.7,32.2,6.9,2.6,46.3,73.86
8/4/2020,0.467333356,36,29.4,51.15,8.1,2.6,70.1,78.86
8/5/2020,0.314821871,6.9,29.8,1.7,13.9,2.6,75.8,76.36
8/6/2020,0.083732119,15.3,29.9,31.06,16.1,2.6,74.5,77.49
8/7/2020,0.278000013,25.5,29.8,4,11.4,2.7,67.8,78.89
8/8/2020,0.296123124,32.4,31,9.6,16.1,2.7,71.9,71.23
8/9/2020,0.196234234,21.7,30,12.81,11.4,2.6,72.9,73.8
8/10/2020,0.299123124,32.5,30.4,0.4,13.9,2.7,69.4,75.73
8/11/2020,0.329123124,33.4,30.4,0,11.4,2.7,68,75.66
8/12/2020,0.246234234,23.8,30.1,31.76,16.1,2.7,72.9,75.51
8/13/2020,0.17155741,36.1,30.4,0.21,11.4,2.7,54.3,73.13
8/14/2020,0.263777044,24.7,30.7,0,17.2,2.7,68.8,73.17
8/15/2020,0.096123123,10.2,28.9,10.78,13.9,2.5,84.7,82.2
8/16/2020,0.124312151,16,27.9,48.53,17.2,2.4,86.7,85.57
8/17/2020,0.361231241,30.3,28.3,13.86,11.4,2.6,75.2,76.35
8/18/2020,0.286123123,23.9,29,21.91,11.4,2.6,77.8,79.68
8/19/2020,0.351999577,14.1,29.1,3.68,15,2.7,76.8,76.77
8/20/2020,0.296343121,12.8,27,12.69,17.2,2.5,87.4,85.73
8/21/2020,0.316123124,22.3,27.4,41.35,11.4,2.4,82.1,86.17
8/22/2020,0.561231231,50,27,45.46,11.4,2.4,87.2,90.04
8/23/2020,0.325126123,37.7,29.5,21.65,9.2,2.5,76.1,80.77
8/24/2020,0.183478929,49.3,30.5,33.6,9.2,2.6,52,71.26
8/25/2020,0.90101213,8.4,29.2,55.58,16.1,2.6,69.4,76.42
8/26/2020,0.189977504,14.2,29.1,1.38,20.8,2.6,68.3,71.03
8/27/2020,0.325125123,29.9,29.5,45.4,11.4,2.7,75.3,76.99
8/28/2020,0.672313123,44.5,29,48.67,9.2,2.6,75.2,72.18
8/29/2020,0.302125123,29.3,29,28.22,13.9,2.7,79.3,79.48
8/30/2020,0.622313123,42,30.5,3.41,15,2.7,78.3,72.74
8/31/2020,0.692313123,46.5,30.7,18.13,9.2,2.7,72.2,74.02
9/1/2020,0.682313123,45.3,28.5,60.09,11.4,2.4,76.1,80.88
9/2/2020,0.309126123,36.7,29.9,13.12,13.9,2.7,64.3,70.77
9/3/2020,0.175000008,33.5,30,0,9.2,2.7,44.1,70.21
9/4/2020,0.466722679,21.9,31.2,0,11.4,2.7,38,70.16
9/5/2020,0.231000011,25,31.4,0,11.4,2.7,53.1,68.3
9/6/2020,0.275746933,20.3,31,1,16.1,2.7,66.1,67.16
9/7/2020,0.197324121,17.2,29.5,13.3,11.4,2.7,76.6,74.87
9/8/2020,0.321612312,26,29.5,30.94,11.4,2.7,75.2,77.05
9/9/2020,0.732518214,68.5,28.9,33.5,6.9,2.6,71.8,76.83
9/10/2020,0.689313123,45.5,28.9,23.37,13.9,2.6,77.1,80.08
9/11/2020,0.389000018,24.5,29.3,16.01,10.3,2.6,73.5,78.34
9/12/2020,0.156000008,32.1,29.8,17,10.3,2.7,72.5,78.21
9/13/2020,0.274000013,23.6,29.6,9.17,11.4,2.5,69.1,77.68
9/14/2020,0.295000008,34.4,29.2,42.3,12.8,2.6,67.6,77.17
9/15/2020,0.699313123,45.7,29.9,6.62,11.4,2.6,67.1,75.97
9/16/2020,0.371612312,26.7,30.1,13.71,17.2,2.6,72.7,72.41
9/17/2020,0.311612312,24.1,30,1,17.2,2.6,71,73.82
9/18/2020,0.299709802,34.8,28.6,47.26,10.3,2.7,64.7,79.96
9/19/2020,0.126473376,32.9,31,0,8.1,2.7,42.8,68.05
9/20/2020,0.296971084,41.4,30.6,2.29,17.2,2.6,60.7,71.39
9/21/2020,0.157324121,14.7,28.9,11.67,11.4,2.6,75.5,76.5
9/22/2020,0.391612312,28.8,28.7,26.09,11.4,2.6,82.4,79.73
9/23/2020,0.279126123,30.6,28.4,13.47,15,2.6,76.6,78.64
9/24/2020,0.291612312,24.3,28.2,29.27,18.3,2.5,81.7,81.33
9/25/2020,0.251612312,20.1,28.7,36.89,11.4,2.6,78.1,79.54
9/26/2020,0.391612312,27.3,28.5,31.19,17.2,2.5,83.4,81.76
9/27/2020,0.585597001,48.3,28.9,3.85,11.4,2.6,75.1,77.06
9/28/2020,0.41861707,47.3,29.6,0,6.9,2.6,60.1,72.95
9/29/2020,0.46927773,67.2,29.5,0,5.8,2.6,51.1,74.7
9/30/2020,0.459641241,60.9,30.2,1,6.9,2.6,61.3,73.6
10/1/2020,0.669720695,76.7,29.4,16.23,9.2,2.6,67.6,77.52
10/2/2020,0.202517835,38.8,28.9,27.7,13.9,2.6,69,76.76
10/3/2020,0.324256827,47.5,29,15.4,5.8,2.6,60.9,78.3
10/4/2020,0.218493052,45.7,29.2,28.49,8.1,2.6,70.5,75.5
10/5/2020,0.424518449,58,29,8.4,11.4,2.6,62.5,77.01
10/6/2020,0.324563599,40.3,28.9,41.23,13.9,2.5,72.9,74.9
10/7/2020,0.384245246,49.3,29.4,23.7,11.4,2.6,69.3,75.47
10/8/2020,0.34237953,41,29,12,4.7,2.5,68,77.48
10/9/2020,0.351366563,58.3,30.1,1.2,8.1,2.5,60.4,72.52
10/10/2020,0.329384559,65.7,30.2,1.2,9.2,2.5,51.4,72.08
10/11/2020,0.23170007,71.3,30.4,0,9.2,2.6,66.4,73.7
10/12/2020,0.407542148,71.5,29.5,60.05,6,2.4,61.5,79.68
10/13/2020,0.268453544,93.2,29.8,0.4,9.2,2.5,45.8,74.67
10/14/2020,0.417479197,89.2,29.2,22.8,8.1,2.5,72,76.22
10/15/2020,0.281483537,114.6,29.4,0,6.9,2.5,46.5,74.93
10/16/2020,0.321240488,68.4,30.4,0,6.9,2.5,24.2,70.15
10/17/2020,0.31199961,62.5,30.4,0,9.2,2.6,32.3,64.24
10/18/2020,0.25367651,73.3,29.1,0,9.2,2.6,57.2,73.68
10/19/2020,0.403026161,52,29.2,0.2,8.1,2.6,77.2,76.14
10/20/2020,0.281035432,75.3,29.9,9.7,11.4,2.5,52.4,71.72
10/21/2020,0.340511359,37,28.5,76.58,9.2,2.4,79.4,78.14
10/22/2020,0.560000027,14.4,26.5,65.89,11.4,2.2,93.1,86.52
10/23/2020,0.091241146,10.3,25.4,57.2,15,2,96.4,92.38
10/24/2020,0.185426442,25.8,26.7,100.21,11.4,2.5,94.2,83.87
10/25/2020,0.619734709,28.6,28.5,0,9.2,2.5,62.7,73.42
10/26/2020,0.591182569,70.6,28.4,0,3.4,2.5,24.1,69.9
10/27/2020,0.45432485,93.8,28.5,0,11.4,2.3,10.4,69.81
10/28/2020,0.348285537,65.9,28.6,0,4.7,2.5,1.4,71.07
10/29/2020,0.154360053,51.5,29,0,6.9,2.6,4.7,68.8
10/30/2020,0.149755312,46,29.6,0,5.8,2.6,16.2,68.12
10/31/2020,0.175544846,41.9,28.2,3.76,15,2.5,73.7,72.15
11/1/2020,0.25920251,25.4,27.1,38.94,9.2,2.4,85.5,79.13
11/2/2020,0.62400003,46,27.5,22,6.9,2.5,69.7,76.6
11/3/2020,0.702099951,46.7,28.3,7.11,5.8,2.5,58,73.27
11/4/2020,0.819809155,146.1,28.2,0,8.1,2.5,30.8,68.5
11/5/2020,0.566565171,133.7,27.2,0,5.8,2.4,2.5,65.68
11/6/2020,0.469453475,124.1,25.7,0,11.4,2.3,0.4,64.61
11/7/2020,0.29353133,96,25.4,0,3.7,2.3,1.2,69.21
11/8/2020,0.147271826,71.6,25.7,0,6.9,2.3,0,70.1
11/9/2020,0.117635087,42,26.9,0,4.7,2.5,2.1,68.75
11/10/2020,0.120296079,45.7,27.2,0,9.2,2.5,0,63.12
11/11/2020,0.087815442,47.6,27.1,0,9.2,2.6,0.3,62.69
11/12/2020,0.10800203,60.8,27.4,0,5.8,2.6,8.5,63.33
11/13/2020,0.104345236,57.2,27.4,0,5.8,2.6,11.6,65.12
11/14/2020,0.166381071,60,28.4,0,9.2,2.5,0,59.53
11/15/2020,0.203663133,104.7,27,0,11.4,2.5,0,61.01
11/16/2020,0.238483891,94.3,26.5,0,9.2,2.4,0,64.57
11/17/2020,0.511861935,143.4,26.6,0,5.8,2.4,10.4,67.69
11/18/2020,0.547374049,164.1,25.1,0,6.9,2.3,0,68.02
11/19/2020,0.969360438,174.8,26,0,4.7,2.3,47.8,67.87
11/20/2020,0.508328399,158.6,24.8,8.3,9.2,2.1,51.6,77.99
11/21/2020,0.915158522,112.1,24.2,27.9,4.7,1.4,75.9,84.3
11/22/2020,0.597623691,131.7,23.6,1,9.2,2,27.5,70.66
11/23/2020,0.396479829,84.6,22.5,0,8.1,2.3,0,67.94
11/24/2020,0.422909547,131.8,22.9,0,5.8,2.3,29.6,72.14
11/25/2020,0.240012025,107,23.5,0,5.8,2.3,47.8,70.03
11/26/2020,0.161388005,90.2,23.6,0,5.8,2.5,68.1,69.86
11/27/2020,0.092161984,107.4,23.5,0,6.9,2.3,78.4,71.92
11/28/2020,0.243333016,96.8,23.4,0,8.1,2.4,35.9,71.17
11/29/2020,0.175555997,110.7,24.5,0,10.3,2.5,1.2,67.66
11/30/2020,0.229851677,119.2,24.2,0,8.1,2.3,0,67.61
12/1/2020,0.223994382,141,23.9,0,4.7,2.3,8.9,69.59
12/2/2020,0.328846417,153.9,23.4,0,9.2,2.2,17.3,73.24
12/3/2020,0.514545736,172.3,23,0,6.9,2.2,21.1,74.65
12/4/2020,0.761989819,201.5,24.8,0,8.1,2.2,8.4,65.94
12/5/2020,1.31391418,260.9,22.9,0,4.7,1.6,35.1,77.42
12/6/2020,1.25090427,204.5,24.2,0,5.8,1.4,20.1,77.44
12/7/2020,1.32683457,165.8,23.2,0,5.8,1.3,19.2,81.73
12/8/2020,1.42664106,146.1,22.6,0,6.9,1,52.3,84.39
12/9/2020,0.777993701,178.5,20.5,0,6.9,0.5,68,91.19
12/10/2020,0.822461597,116.1,20.2,0,6.9,1,47.4,84.33
12/11/2020,0.634259981,126.5,19.6,0,5.8,1.3,66.5,84.37
12/12/2020,0.581799149,165.8,20.3,0,5.8,1.4,58.6,81.8
12/13/2020,0.721389555,208,21.3,0,4.7,1.1,48.6,82.77
12/14/2020,0.684549818,218.5,22.4,0,6.9,1.4,7.5,73.94
12/15/2020,0.503792966,175.4,21.1,0,9.2,1.4,27,79.24
12/16/2020,0.545358194,150.5,21.3,0,8.1,1.6,42,77.37
12/17/2020,1.75526148,182.4,20.8,0,6.9,1.6,0,74.37
12/18/2020,0.531458776,146.5,20.9,0,6.9,2,0,69.6
12/19/2020,0.587637609,135.9,20.3,0,8.1,2.1,2.1,62.4
12/20/2020,0.467697763,213.1,19.5,0,6.9,1.6,4.9,73.06
12/21/2020,0.421445442,208.5,19.2,0,4.7,1.4,6.9,77.96
12/22/2020,0.447833723,223,18.8,0,5.8,1.5,11.4,76.74
12/23/2020,0.383045144,233.7,19.7,50,4.7,1.5,6.9,76.29
12/24/2020,0.258790304,176.3,20.6,0,3.4,2,33.2,70.53
12/25/2020,0.381093342,136.6,19.7,0,9.2,2.1,0.2,71.37
12/26/2020,0.435055742,157.4,20.5,0,6.9,2.2,0,66.75
12/27/2020,0.519941589,174.6,19.2,0,9.2,1.9,2.1,69.05
12/28/2020,0.60545569,212.7,19.3,0,8.1,1.7,4.8,69.38
12/29/2020,0.521290574,202.7,20.5,0,11.4,1.9,2.1,64.93
12/30/2020,0.346470428,164.5,20.6,0,11.4,1.9,0,67.49
12/31/2020,0.29751005,170.1,20.7,0,5.8,2,0,66.79
1/1/2021,0.226102859,153.5,20,0,6.1,2.1,0,67.93
1/2/2021,0.350530359,141.6,20.2,0,6.4,2.2,5.1,65.46
1/3/2021,0.313550614,147.6,20.7,0,3.6,2.2,0,69
1/4/2021,0.283913271,181.4,20.8,0,3.6,2.1,6.4,71.21
1/5/2021,0.250551793,180.3,21.5,0,4.7,2.1,0,69.81
1/6/2021,0.257049093,187.8,22.6,0,3.6,2.1,12.3,66.61
1/7/2021,0.683370629,219.9,22.7,0,3.8,1.9,10.4,68.06
1/8/2021,0.720649282,191.5,23.2,0,6.9,2.1,13,65.82
1/9/2021,1.02443772,193.8,22,0,4.8,2,26.5,73.18
1/10/2021,1.27999754,260.8,22.4,0,4.2,1.9,16,71.75
1/11/2021,2.56103868,266.6,23,0,3.4,1.6,16.7,74.79
1/12/2021,0.950107039,197.6,21.6,0,8.5,1.9,23.3,71.52
1/13/2021,1.89656238,153.9,19.9,0,7,2.1,23.4,64.63
1/14/2021,1.28565464,181.7,19.4,0,6.8,2.2,31.2,64.27
1/15/2021,1.4030012,172,19,0,6.3,2.3,6.2,64.58
1/16/2021,1.47602492,251.6,19.1,0,5.2,2,7.3,70.79
1/17/2021,1.35430443,264.7,18.7,0,4.5,1.5,14,78.76
1/18/2021,1.2337569,240.5,18.6,0,3.3,1.2,19.8,81.03
1/19/2021,1.48443181,340.8,19.7,0,5.8,0.8,41.2,84.01
1/20/2021,2.95932507,320.4,20.5,0,5.2,0.9,70.6,82.51
1/21/2021,1.02549968,252.2,19.6,0,5.8,0.9,40.1,80.15
1/22/2021,0.961097426,221.9,19.8,0,6.9,1.6,6.1,80.64
1/23/2021,0.667098663,202.9,18.7,0,4.7,0.8,50.8,83.43
1/24/2021,0.64137258,237.8,19,0,5.3,0.7,56.7,84.78
1/25/2021,1.22921197,195.7,20.3,0,2.5,1.2,29.7,74.01
1/26/2021,0.631393621,227,19.9,0,8.1,1.6,7,74.24
1/27/2021,0.445490329,174,19.1,0,8,1.5,11.1,75.36
1/28/2021,0.430829192,199.3,19,0,9.2,1.2,42.1,78.59
1/29/2021,0.487267225,199.1,19.4,0,9.3,1.3,63,77.19
1/30/2021,1.28201907,186,20.9,0,9.2,1.6,41.3,66.96
1/31/2021,0.766612301,204.7,19.3,0,9.2,1.5,14.7,67.86
2/1/2021,0.537094117,209.5,17,0,8.6,1.6,15.3,77.76
2/2/2021,0.522765132,199.9,18.6,0,9.3,1.7,14.1,73.57
2/3/2021,0.552656343,180.4,19.8,0,9.2,1.9,0,63.49
2/4/2021,0.363877986,180.3,21.3,0,5.8,2,0,65.83
2/5/2021,0.276127236,166.3,22.5,0,5.2,2,3.5,68.01
2/6/2021,0.626765495,151,22,0,11.4,1.9,10.4,69.1
2/7/2021,0.828182293,112.4,21,0,11.4,2.3,56,67.4
2/8/2021,0.43023373,108.6,20.7,0,10.2,2.3,7,64.4
2/9/2021,0.268978361,118.8,22,0,9.2,2.3,0,63.64
2/10/2021,0.649571557,165.6,22.4,0,9.1,2.2,15.1,62.4
2/11/2021,0.857771156,215.9,22.5,0,5.8,1.7,44.8,66.55
2/12/2021,1.14208758,257.8,22.9,0,4.7,1.8,59.5,66.85
2/13/2021,0.864192318,225.4,21.6,0,7.6,1.8,35.3,68.59
2/14/2021,0.908361503,253.5,22.4,0,9.2,2,11.3,61.47
2/15/2021,0.930036653,277.4,23.2,0,3.6,1.6,36.2,69.59
2/16/2021,0.737266407,247.1,23,0,5.2,1.5,13.3,70.21
2/17/2021,0.672642883,183.2,22.8,0,6,1.8,50.4,66.4
2/18/2021,0.527987744,204,22.8,0,4.5,2.1,12.3,68.67
2/19/2021,0.753037893,155.8,24.8,0,8.1,2.2,46.8,62.5
2/20/2021,0.458074656,91.5,24.2,0,11.4,1.8,79,64.75
2/21/2021,0.421633363,142.3,24.4,0,13.9,2.2,31.7,63.55
2/22/2021,0.454259786,142.2,24.1,0,10.3,2.4,0,56.96
2/23/2021,0.499879197,158,23.4,0,6.4,2.6,4.6,58.96
2/24/2021,0.746203598,277.6,24.1,0,8.5,2.4,2,62.9
2/25/2021,0.804362893,233.5,25.3,0,7.6,2.4,16,61.26
2/26/2021,0.644284996,130,25.8,0,9.3,2.2,12.9,62.83
2/27/2021,0.568935587,115,26.2,0,10.3,2.3,1.9,61.41
2/28/2021,0.642465438,80.8,27.7,0,13.9,2.6,27,64.63
3/1/2021,0.621923075,89.7,27.5,0,9.6,2.5,28.1,67.59
3/2/2021,0.44706523,102.5,26.9,0,11.4,2.3,15.6,62.18
3/3/2021,0.479187056,126.2,27.1,0,11.4,2.3,14.4,59.32
3/4/2021,0.576767895,142.3,26.2,0,11.4,2.3,0,60.42
3/5/2021,0.855233195,115.6,26.9,0,12.7,2.3,30,61.86
3/6/2021,0.825564444,77.5,27.6,0,13.9,2.3,43.4,65.56
3/7/2021,1.25258258,91,27.3,0,11.4,2.1,48.1,66.59
3/8/2021,1.16718272,130.7,27.9,0,48.6,2.2,68.2,70.79
3/9/2021,1.91480311,79.2,27.7,0,11.4,2.4,62.4,64.67
3/10/2021,1.47957444,62.7,27.5,0,11.4,2.4,76.5,66.71
3/11/2021,1.16871349,96.5,27.7,0,9.2,2.4,69.8,68.44
3/12/2021,1.1684171,154.7,29,0,6.9,2.2,48.4,65.88
3/13/2021,1.62215327,149.3,28,0,34.4,2,57.9,69.14
3/14/2021,0.828912805,95.7,26.8,0,11.4,2.3,19.9,62.91
3/15/2021,0.656754169,153.6,27.8,0,10.3,2.3,10.4,56.04
3/16/2021,0.488711245,320.3,28,0,6.9,2,20.8,62.02
3/17/2021,0.54776322,152.6,27.5,0,12.8,2.2,14.8,58.67
3/18/2021,0.652457109,232.2,28.7,0,5.8,2.3,19.4,57.04
3/19/2021,0.705899459,245.8,28.7,0,11.4,2.2,49.1,60.03
3/20/2021,1.33915197,215.7,29,0,13.9,2.2,48.1,59.33
3/21/2021,0.751072169,318.4,29.2,0,5.8,2,51.4,60.61
3/22/2021,0.694079068,188.1,29.8,0,11.4,2.2,39.1,56.53
3/23/2021,1.07608067,137,29.8,0,6.9,2.3,3.2,56.66
3/24/2021,1.2399527,195.7,30.4,0,9.2,2.3,14.8,57.57
3/25/2021,0.508000238,127.1,31,0,11.4,2.3,25.8,56.88
3/26/2021,0.657984872,147.3,30.4,0,9.2,2.3,48.4,56.31
3/27/2021,0.646923759,149.1,30.1,0,11.4,2.3,5.5,53.35
3/28/2021,0.975679124,146.5,30.3,0,13.9,2.3,21.9,52.54
3/29/2021,1.65575138,157.7,30.1,0,18.3,2.1,27,61.65
3/30/2021,2.04113359,74.8,29.4,0,23,2.4,84,69.41
3/31/2021,1.35735422,76.2,29.5,0,23,2.4,85.8,71.33
4/1/2021,0.385954609,76,30.7,0,117.4,2.4,49.1,62.13
4/2/2021,0.603976337,91.7,30.9,0,23,2.5,40.2,57.98
4/3/2021,0.560039076,111.3,30.8,0,9.2,2.3,43.6,60.29
4/4/2021,0.829547929,136.1,28.8,0,32.2,2.3,39.3,65.7
4/5/2021,0.431193793,105.7,28.8,0,11.4,2.5,25.7,57.99
4/6/2021,1.19405036,139.2,29.1,0,9.2,2.4,0,53.23
4/7/2021,0.694034324,221.4,30.1,0,16.1,2.4,9.9,55.01
4/10/2021,1.3512126,54.8,30.3,0,9.2,2.4,72.8,65.64
4/11/2021,0.755604369,96.2,30.4,0,16.1,2.5,58.9,63.62
4/12/2021,0.831292067,91.5,31.3,0,11.4,2.4,42.3,59.4
4/13/2021,0.925489483,64,31.7,0,15,2.5,15.6,57.59
4/14/2021,0.545207351,54.8,32.1,0,16.1,2.5,12.9,59.59
4/15/2021,0.562793329,41.2,31.3,0,13.9,2.5,67,61.73
4/16/2021,1.07448208,48.1,30.5,0,13.9,2.5,67.7,64.09
4/17/2021,0.598202763,39.6,29.5,0,25.3,2.4,34.7,62.66
4/18/2021,0.763825449,58.2,30.7,0,12.8,2.5,41.6,60.25
4/19/2021,0.348595477,35.9,30.6,0,18.3,2.5,16,64.31
4/20/2021,0.440315778,33.5,31.4,0,18.3,2.5,30.8,61.72
4/21/2021,0.893100195,50.8,30.4,0,28.9,2.4,49.8,65.09
4/22/2021,0.752456153,58.2,30.3,0,16.1,2.5,87.9,66.97
4/23/2021,0.336651673,74.8,30.3,0,16.1,2.5,68.6,62.36
4/24/2021,0.442815101,174.5,31,0,11.4,2.4,31.4,57.97
4/25/2021,0.473544865,122.2,31.8,0,11.4,2.5,15.7,56.81
4/26/2021,0.833109363,55.3,31.7,0,15,2.5,4.6,55.97
4/27/2021,0.783727151,45.6,33.4,0,17.2,2.5,5.3,53.6
4/28/2021,0.957806629,58.7,32.5,0,11.4,2.5,39.1,56.01
4/29/2021,0.943684536,105.1,31,0,17.2,2.4,28.7,62.38
4/30/2021,0.974714446,119,32.1,0,11.4,2.5,35.2,55.3
5/1/2021,0.767856444,71.4,30.5,0,17.2,2.5,66.7,63.92
5/2/2021,1.05656772,107.6,30.7,0,13.9,2.5,64.6,62.87
5/3/2021,1.90535773,68,29,0,11.4,2.5,75.1,65.81
5/4/2021,0.92994735,59.2,29.2,0,28.9,2.4,75.3,68.39
5/5/2021,0.955460622,127.1,29.5,0,11.4,2.3,77.4,67.89
5/6/2021,0.578617226,65.1,28.6,0,11.4,2.5,64.9,70.79
5/7/2021,0.418712352,88.3,29.9,0,11.4,2.5,43.4,66.96
5/8/2021,0.511411193,45.9,30.2,0,11.4,2.5,60.2,62.17
5/9/2021,0.445100138,65.9,30.4,0,13.9,2.5,43.1,60.76
5/10/2021,0.525000025,64.1,30.2,0,23,2.4,59.1,62.45
5/11/2021,0.75369767,52.2,27.1,0,20.8,2.4,83.4,78.79
5/12/2021,0.508634461,57.2,28.9,0,9.2,2.5,63.5,64.75
5/13/2021,0.477866689,36.4,29,0,11.4,2.5,85.9,68.63
5/14/2021,0.219963922,41,29.3,0,11.4,2.5,74.4,65.67
5/15/2021,0.8028906,50.6,30.5,0,16.1,2.3,75.3,64.65
5/16/2021,1.23560361,31.4,29.7,0,11.4,2.5,87.4,69.84
5/17/2021,2.07939353,28.7,30.6,0,11.4,2.5,60.7,66.06
5/18/2021,1.16327717,22.2,30.3,0,18.3,2.4,79.1,72.52
5/19/2021,2.63189924,32.9,31.5,0,18.3,2.5,71.9,65.96
5/20/2021,0.391682736,17.8,31.8,0,18.3,2.5,85.8,65
5/21/2021,0.24225174,26.6,31.6,0,13.9,2.5,32.8,63.37
5/22/2021,0.355734683,23.4,32.5,0,13.9,2.5,33.6,60.09
5/23/2021,0.235635167,44.6,33,0,11.4,2.5,40.8,60.17
5/24/2021,0.306043844,46.6,32.5,0,18.3,2.5,73.2,65.18
5/25/2021,0.168688351,11.7,29.7,0,11.4,2.5,90,76.53
5/26/2021,0.201215167,30.3,27.8,0,16.1,2.5,91.8,77.86
5/27/2021,0.444059637,34.3,29,0,20.8,2.5,84.6,73.54
5/28/2021,0.464703525,44.6,30.1,0,15,2.5,79.3,71.78
5/29/2021,0.793851108,62.9,31.3,0,16.1,2.5,52.3,66.14
5/30/2021,1.41423022,40.2,30.7,0,11.4,2.5,62.4,70.99
5/31/2021,1.06900005,36.8,27.8,0,13.9,2.5,87.5,76.51
