time, mean_MYD08_D3_6_1_Deep_Blue_Aerosol_Optical_Depth_550_Land_Mean,Station_mean_raw_PM2.5,Average Temperature,Rain Precipitation,Wind Speed,Visibility,Cloud Cover,Relative Humidity
2017-01-01,0.600190449,231.5,20.5,0,6.9,1.2,16.3,73.17
2017-01-02,0.418893323,209.6,20.9,0,6.9,1.4,16.8,72.88
2017-01-03,0.482987211,181.9,21.4,0,9.2,1.7,14.4,69.74
2017-01-04,0.433491083,127.7,20.8,0,11.4,2,0.2,67.64
2017-01-05,0.404293067,206.8,19.6,0,10.3,1.2,20,79.39
2017-01-06,0.315073505,227.4,19.1,0,11.4,1,13.2,80.34
2017-01-07,0.276454856,227.1,18.9,0,8.1,1.3,28.2,73.95
2017-01-08,0.340885229,143.4,20.3,0,11.4,1.8,9.8,65.89
2017-01-09,0.457947441,199.9,20.5,0,11.4,2,0,64.03
2017-01-10,0.814128891,184,20.1,0,13.9,2.1,29.5,66.2
2017-01-11,0.779955899,176.3,19.7,0,8.5,1.7,6,67.23
2017-01-12,0.614742265,141.9,19.9,0,11.4,1.8,4.3,62.76
2017-01-13,0.49061051,120.9,18.1,0,13.9,2.2,0,58.59
2017-01-14,0.408601875,139.4,17.4,0,10.3,2.4,0,51.3
2017-01-15,0.374763169,177.5,18.1,0,11.4,2,0.1,63.78
2017-01-16,0.40280477,172.4,18.7,0,10.5,1.9,0,61.8
2017-01-17,0.566774409,254.4,18.7,0,10.6,1.7,4.2,63.59
2017-01-18,0.444530085,289.4,19.5,0,6.9,1.7,8.1,65.25
2017-01-19,0.287234723,183.5,19.9,0,11.4,1.8,4.3,64.76
2017-01-20,0.33115387,206.2,20.2,0,9.2,2.2,15.9,61.19
2017-01-21,0.323238372,193.9,19.8,0,8.1,2.1,0,62.94
2017-01-22,0.300917606,210.5,20.9,0,9.2,1.8,4.2,64.41
2017-02-01,1.02244379,200.8,20.9,0,9.2,1.9,0,63.87
2017-02-02,0.597092853,171.5,21,0,13.9,2,0,61.76
2017-02-03,0.569571652,232.6,19.9,0,9.2,1.8,0.1,71.47
2017-02-04,0.327669688,170.3,21.6,0,8.3,1.8,5.6,67.07
2017-02-05,0.167726924,120.3,23.3,0,9.2,2.4,0,57.8
2017-02-06,0.28051778,162.5,23.8,0,9.2,2.2,2.2,55.29
2017-02-07,0.531434717,122.6,23.3,0,10.3,2.4,0.2,58.03
2017-02-08,0.358763589,153.3,22.9,0,10.3,2.4,0,51.76
2017-02-09,0.436136556,146.8,22.3,0,11.4,2.3,0,55.65
2017-02-10,0.639984515,248.2,22.2,0,6.9,2.2,0,58.01
2017-02-11,0.911015187,181.4,22.8,0,6.9,2.1,15,61.22
2017-02-12,0.813906891,122.9,23.7,0,9.2,2.4,4.7,53.69
2017-02-13,0.865191796,167.9,23.9,0,10.3,2.4,2.4,47.46
2017-02-14,0.993542741,218,24.1,0,6.9,2.3,5.6,57.33
2017-02-15,0.496146266,137.4,23.9,0,9.2,2.1,0.5,58.53
2017-02-16,0.552730494,211.5,23.8,0,10.3,2.2,1.5,57.46
2017-02-17,0.565857229,186.6,23.5,0,6.9,2.3,0,56.75
2017-02-18,0.823526172,210.8,24.2,0,9.2,2,1.7,58.45
2017-02-19,1.69026457,265.2,24.5,0,7.3,2.2,24.1,60.52
2017-02-20,2.19789339,179.8,24.4,0,11.4,1.7,30.7,72.37
2017-03-01,0.516622133,182.3,24.9,0,9.2,2.5,0,46.84
2017-03-02,0.422798118,169.8,25.6,0,11.4,2.2,0,54.21
2017-03-03,0.768709744,100,26.7,0,11.4,2.4,15.6,57.29
2017-03-04,0.631076952,83.3,26.2,0,11.4,2.6,47,57.84
2017-03-05,1.26620235,53.3,25.7,3.2,11.4,2.5,73.5,71.03
2017-03-06,0.755899827,69,24.3,17.74,9.2,2.5,57.9,72.06
2017-03-07,0.521165483,114.7,25.4,0,6.9,2,25.3,69.06
2017-03-08,0.584974319,104.8,24.5,24.91,13.9,2.3,56.6,64.69
2017-03-09,1.2451125,68.6,23.4,0,9.2,2.5,40.4,68.14
2017-03-10,2.31702143,81.3,25.1,18.5,20.5,2.2,62,71.9
2017-03-11,1.59100008,47.5,22.4,67.02,11.4,2.3,84.1,83.9
2017-03-12,1.08860426,88.8,24.8,19.48,11.4,2.4,70,67.05
2017-03-13,0.343274394,89,24.3,0,11.4,2.6,3.3,51.38
2017-03-14,0.349538412,81.3,24.3,0,13.9,2.7,0,48.34
2017-03-15,0.362008153,118.6,24.5,0,11.4,2.7,8.6,47.43
2017-03-16,0.312068415,140.8,24,0,13.9,2.4,0,51.36
2017-03-17,0.487453155,176.8,25.4,0,10.3,2.5,0,49.29
2017-03-18,1.10572368,68,24.1,30,13.9,2.5,60.3,69.65
2017-03-19,0.412205721,106.2,24.1,8.4,9.2,2.5,40.3,59.44
2017-03-20,0.451389465,59.6,21.2,13.92,13.9,2.4,65.5,75.26
2017-03-21,0.688699511,101,22.6,1.2,11.4,2.5,41.7,64.37
2017-03-22,0.782214533,109.8,24.6,0,9.2,2.5,31.5,60.59
2017-04-01,0.390310883,33.9,29.2,18,15,2.7,64.7,69.02
2017-04-02,0.678231353,45.8,28.9,0,20.8,2.6,71.1,70.26
2017-04-03,0.569474227,40.2,28.7,0,23,2.6,71.2,69.91
2017-04-04,2.3552822,36,26.4,26.7,13.9,2.6,81.2,71.14
2017-04-05,0.604350006,44.6,25.1,43.73,17.2,2.6,66,80.71
2017-04-06,2.72000013,58.8,24.9,31,11.4,2.6,71.1,78.8
2017-04-07,1.00028248,67.6,29,7,11.4,2.4,63.1,72.6
2017-04-08,0.927571515,61.7,29.6,0,11.4,2.6,51.7,70.35
2017-04-09,0.837503889,68.9,29.6,0,11.4,2.6,60,72.15
2017-04-10,0.357778483,67.6,30,0,11.4,2.6,31.1,64.51
2017-04-11,0.438552965,74.2,30.4,0,11.4,2.7,22.9,58.65
2017-04-12,0.318879614,82,29.9,0,11.4,2.6,41.5,65.08
2017-04-13,0.450171755,129.8,30,0,9.2,2.7,1.4,58.98
2017-04-14,0.565691909,149.9,30.2,0,11.4,2.6,5.5,55.11
2017-04-15,0.846242652,63.3,29.3,0,11.4,2.6,36.2,63.17
2017-04-16,0.425147754,34.5,26.4,12,13.9,2.6,39.2,62.76
2017-04-17,0.219747807,78.1,28.7,0,11.4,2.7,3.4,56.56
2017-04-18,1.51625889,61.4,29.5,0,13.9,2.6,32.4,63.24
2017-04-19,1.00893755,36,28.3,82.12,20.3,2.4,78,75.53
2017-04-20,0.90200003,41.8,25.4,14.12,18.3,2.5,65.7,78.63
2017-04-21,0.83700004,45.3,25.4,19.33,17.2,2.5,83.4,80.33
2017-05-01,0.791067163,40,26.9,18.26,15.9,2.5,68.3,70.84
2017-05-02,0.387123257,52.5,27,50.11,15,2.5,46.4,69.45
2017-05-03,0.536841216,91.1,29.7,0,11.4,2.5,41.4,67.94
2017-05-04,0.586566389,60.7,29.4,0,17.2,2.6,26.7,67.27
2017-05-05,0.456854971,59.1,30.3,0,11.4,2.6,49.5,68.2
2017-05-06,0.91425694,40.2,30.1,0,13.9,2.6,61.5,70
2017-05-07,0.477184003,36,29.4,0,12.8,2.6,62.1,70.37
2017-05-08,0.980748724,45.5,30.9,0,11.4,2.6,67,65.28
2017-05-09,1.60619485,40.6,27.5,23.24,18,2.6,67.9,77.54
2017-05-10,0.606688318,81.5,28.2,4,8.1,2.6,57.5,74.24
2017-05-11,1.00720671,43.8,30.2,0,11.4,2.6,57.7,68.25
2017-05-12,0.216581397,57.7,29.8,0.5,11.4,2.7,62,70.95
2017-05-13,1.25500828,59.1,29.9,0.4,11.4,2.7,68,72.09
2017-05-14,0.908940352,47.6,28.9,34.55,9.2,2.6,58.2,74.21
2017-05-15,2.80797305,31.2,28.1,54.91,16.1,2.6,76.6,78.25
2017-05-16,0.552883425,37.5,25.6,119.27,13.9,2.4,79.6,79.47
2017-05-17,1.05168805,49.5,28.2,11.97,40.3,2.5,78.6,79.19
2017-05-18,0.441983611,36.7,29.2,37.08,11.4,2.6,53.6,69.8
2017-05-19,0.3109471,57.1,30,0,18.3,2.7,67.6,74.73
2017-05-20,0.691311333,57,31.2,0,11.4,2.6,50,69.88
2017-05-21,0.364305759,46.2,31.2,0,13.9,2.6,54.1,69.91
2017-05-22,0.521630487,48,32.1,0,11.4,2.6,52.4,69.24
2017-06-01,0.206875786,36.5,26.7,44.87,13.9,2.6,86.9,86.65
2017-06-02,0.192375786,33.5,27.8,46.55,17.2,2.6,87.3,79.23
2017-06-03,0.690832222,41.1,30.3,32.02,16.1,2.6,74.6,74.95
2017-06-04,0.757756221,38.1,30,7.66,19.3,2.6,67.9,76.4
2017-06-05,0.653710763,42.2,27.2,14.21,28.9,2.4,82.2,80.72
2017-06-06,0.830166857,58.8,29.6,10,9.2,2.6,47,72.62
2017-06-07,0.468793153,53.6,31.6,1.2,9.2,2.7,41.9,70.4
2017-06-08,0.733989621,67.7,30.2,8.01,10.3,2.6,56.4,74.85
2017-06-09,0.390241403,50.9,29.5,17.2,6.9,2.6,64.5,76.79
2017-06-10,0.620386539,37,31,0,11.4,2.5,50.7,69.14
2017-06-11,0.090556873,14,28.6,19.79,15,2.5,74.9,79.42
2017-06-12,0.070556873,8.3,25.6,203.09,18.3,2.4,94.9,94.07
2017-06-13,0.708979061,35.2,28.5,16.49,13.9,2.5,79.8,80.34
2017-06-14,0.717756221,37.1,28.8,0,11.4,2.5,80.1,85.04
2017-06-15,0.656421083,25.9,29.3,0,11.4,2.5,66.7,75.26
2017-06-16,0.121033102,20,26.9,0,13.9,2.5,87.9,87.68
2017-06-17,1.27700006,40,28,0,17.2,2.4,68.6,80.38
2017-06-18,1.76257035,36.2,28.9,0,13.9,2.4,80.1,82.11
2017-06-19,1.12600005,44,25.8,74.81,13.9,2.3,91.9,90.73
2017-06-20,0.542117797,49.8,28,2.2,9.2,2.6,81.2,78.12
2017-06-21,0.650023244,47.8,28.5,41.89,17.2,2.7,75.8,78.73
2017-07-01,0.161000004,15,29.1,68.8,16.1,2.6,81.1,82.41
2017-07-02,0.151000004,16.6,28.3,68.93,13.9,2.5,85.7,85.53
2017-07-03,0.291000004,33.3,27.8,66.61,11.4,2.4,91.3,88.4
2017-07-04,0.311000004,39.3,27.7,41.71,17.2,2.3,80.1,87.13
2017-07-05,0.510000024,27.8,27.3,0,12.8,2.5,89.6,88.75
2017-07-06,0.196662259,29.2,29,0,13.9,2.5,72.5,79.97
2017-07-07,0.298000004,33.5,28.6,0,11.4,2.5,71.6,83.22
2017-07-08,0.328000004,34.5,29.1,0,13.9,2.5,72.5,78.65
2017-07-09,0.268000004,26.8,29.4,0,11.4,2.5,68.9,75.58
2017-07-10,0.281000004,31.7,27.9,0,13.9,2.4,82.1,83.65
2017-07-11,0.308000004,35,26.9,58.76,11.4,2.4,92,89.59
2017-07-12,0.298000004,31.9,27.7,95.55,11.4,2.4,84.4,84.68
2017-07-13,0.35997053,26.8,28.6,22.18,13.5,2.5,79,79.41
2017-07-14,0.301000014,23,29.6,5.76,9.2,2.6,74.3,74.76
2017-07-15,0.227150749,29.2,30.6,0,9.2,2.6,59.5,68.17
2017-07-16,0.183516513,31.4,31.3,4,9.2,2.6,59.9,67.09
2017-07-17,0.313532425,25.9,31,12.47,9.2,2.8,73.7,74.04
2017-07-18,0.122658109,25.2,30.5,7.4,11.4,2.7,69.4,74.67
2017-07-19,0.098658109,13.6,27.5,18.44,13.9,2.1,88.9,88.31
2017-07-20,0.138959906,22.2,26.8,99.09,11.4,2.5,94,90.02
2017-07-21,0.102352224,16.8,27.4,41.25,11.4,2.5,81.1,87.02
2017-07-22,0.245312306,17.3,28.8,41.4,11.4,2.6,78,79.36
2017-08-01,0.244596251,37.6,30,38,11.4,2.6,70.7,77.35
2017-08-02,0.384596251,45.3,28.4,60.17,11.4,2.5,82.6,83.38
2017-08-03,0.452123512,52.6,28.6,207.06,11.4,2.5,76.9,84.85
2017-08-04,0.492000023,37.2,29.4,34.94,6.9,2.6,78.6,80.01
2017-08-05,0.191251231,22.9,29.8,1.6,12.8,2.6,70.2,77.71
2017-08-06,0.241261232,36.8,29.4,18.76,11.4,2.6,76.9,79.32
2017-08-07,0.191247322,27.9,29.3,28.8,13.9,2.6,76.4,77.51
2017-08-08,0.285312306,37.6,30.2,11.22,13.9,2.6,61.7,75.22
2017-08-09,0.225312306,30.2,30.3,9.39,11.4,2.6,68.5,75.61
2017-08-10,0.185312306,24.2,29.5,48.68,23,2.6,81.5,80.32
2017-08-11,0.265312306,33.9,27.9,43.76,16.1,2.5,93.4,89.89
2017-08-12,0.235312306,28.2,26.9,100.66,11.4,2.1,94.7,91.9
2017-08-13,0.285312306,35,28.1,25.66,9.2,2.5,86.5,83.65
2017-08-14,0.421612341,50.7,27.8,33.84,9.2,2.5,81.4,87.96
2017-08-15,0.31731792,38.2,28.3,116.52,9.2,2.5,85.5,86.92
2017-08-16,0.491235124,63.5,27.8,71.05,9.2,2.4,78.8,86.56
2017-08-17,0.361234152,45.8,29.3,11.38,11.4,2.6,73.5,77.13
2017-08-18,0.317755975,25.8,29.4,0,11.4,2.6,73.7,78.88
2017-08-19,0.241251232,21,29.8,1,11.4,2.7,70.6,72.52
2017-08-20,0.530000025,28,30.4,6,10.3,2.6,68.9,71.81
2017-08-21,0.332257117,43.9,29.5,17.8,11.4,2.6,65.8,77.05
2017-08-22,0.325413854,42.1,29,115.2,11.4,2.4,75.9,79.39
2017-09-01,0.687333366,18.5,29.2,87.12,11.4,2.6,71.1,77.99
2017-09-02,0.201512313,21.9,28.8,17.52,10,2.6,80.8,81.34
2017-09-03,0.440000021,24.8,29.7,9.56,18.3,2.6,75.4,81.28
2017-09-04,0.381133351,29.5,30.3,12.55,11.4,2.7,61.4,74.42
2017-09-05,1.00296188,42.8,30.5,2,9.2,2.6,72.9,73.97
2017-09-06,0.737467534,54.5,30,27.6,110.5,2.6,75.4,76.02
2017-09-07,0.738740981,34.2,29.8,0,8.1,2.6,75.4,75.2
2017-09-08,1.16900006,21.1,30.5,0,11.4,2.6,73.1,73.36
2017-09-09,0.181231412,18.1,29.8,141.8,13.9,2.6,75,76.86
2017-09-10,1.57508584,23.8,27.7,61.91,11.4,2.4,81.5,85.7
2017-09-11,0.91712312,55.3,26,114.61,11.4,2.2,86,89.72
2017-09-12,0.23126502,34,28.4,15.82,6.9,2.6,66.3,80.63
2017-09-13,0.492546502,44.8,29.1,9.09,9.2,2.6,68.9,79.31
2017-09-14,0.27126502,34.7,29.8,0,8.1,2.6,69.7,76.48
2017-09-15,0.326545086,57.1,29.8,0,9.2,2.6,64.2,78.31
2017-09-16,0.217409147,52.9,31.1,0,6.9,2.6,32.8,69.53
2017-09-17,0.377000018,43,29.1,8.74,17.2,2.5,69.5,80.44
2017-09-18,0.192104122,17.2,29.2,16.37,9.2,2.6,71.7,74.59
2017-09-19,0.172314122,16.6,27.7,50.52,11.4,2.5,84.2,86.3
2017-09-20,0.214152612,23,28,84.33,13.9,2.4,83.5,85.25
2017-09-21,0.450827301,27.8,28.9,7.49,11.4,2.6,62.1,79.64
2017-10-01,0.223205437,47.3,27.1,40.33,6.9,2.3,79.4,87.02
2017-10-02,0.15400083,42.1,28.5,20.71,6.9,2.6,74.1,77.88
2017-10-03,0.22510038,72.7,29,25.8,5.8,2.6,54.3,77.43
2017-10-04,0.199782151,45.6,30.3,0,5.8,2.6,49.9,75.06
2017-10-05,0.096284036,47.8,30.5,0,9.2,2.6,56.5,74.2
2017-10-06,0.247636016,59.5,29.4,5,8.1,2.5,66.4,77.62
2017-10-07,0.138446756,21.2,28.4,5.8,9.2,2.5,75,80.8
2017-10-08,0.227970143,13,28.1,4.74,13.9,2.6,68.5,78.51
2017-10-09,0.170398226,15,27.3,109.48,10.3,2.5,66.7,81.25
2017-10-10,0.189925699,29,29.1,20,9.2,2.7,40.5,73.15
2017-10-11,0.164155308,43.8,30,0,11.4,2.6,39.6,70.21
2017-10-12,0.211955571,48.8,30,0,11.4,2.6,48.3,73.31
2017-10-13,0.378813561,22.7,30.4,0,9.2,2.6,41.2,69.25
2017-10-14,0.445793156,19.3,30.3,0.4,9.2,2.8,47.9,71.07
2017-10-15,0.778869155,70.5,29.5,3,6.9,2.5,70.8,75.54
2017-10-16,0.764261656,92.1,29.5,0,8.1,2.3,57.3,75.43
2017-10-17,0.487029952,84.6,30.1,0,9.2,2.4,35.4,69.82
2017-10-18,0.240129198,50.2,29.7,35.7,13.9,2.6,65,73.33
2017-10-19,0.140436179,27.3,27.5,50.61,13.9,2.3,81.3,82.3
2017-10-20,0.113162351,14.7,24.9,107.77,16.1,1.8,92.8,93.43
2017-10-21,0.092312321,10.7,24.5,195.51,25.3,1.6,94.8,92.58
2017-10-22,0.312020354,24.5,25,6.96,13.9,2.4,69.2,82.52
2017-11-01,0.36438944,50.6,24.7,0,5.8,2.5,14.6,71.79
2017-11-02,0.238511494,63,26.1,0,9.2,2.5,3.8,68.17
2017-11-03,0.150654543,65.3,26.5,0,8.1,2.5,1.2,66.31
2017-11-04,0.109751979,44.5,27,0,9.2,2.5,4.6,66.93
2017-11-05,0.133496378,43.4,27.3,0,9.2,2.5,4.6,67.01
2017-11-06,0.108233039,60.4,26.9,0,6.9,2.6,0,67.84
2017-11-07,0.14253013,60.8,26.9,0,6.9,2.5,1.9,66.84
2017-11-08,0.153449876,57.1,26.7,0,6.9,2.5,2.7,66.18
2017-11-09,0.204160859,72.8,25.8,0,9.2,2.6,5.9,68.94
2017-11-10,0.163029522,71.2,25.8,0,5.8,2.5,4.1,67.85
2017-11-11,0.145052179,75.5,25.9,0,6.9,2.5,21.4,64.11
2017-11-12,0.122926634,80.5,26.1,0,9.2,2.6,13.3,63.58
2017-11-13,0.113948868,61,26.9,0,6.9,2.6,43.2,59.41
2017-11-14,0.080427374,52.2,26.3,0,5.8,2.6,50,64.21
2017-11-15,0.190948868,53.5,24.1,4.6,9.2,2.5,81,76.88
2017-11-16,0.120427374,28,22.6,13.65,9.2,2.4,88.6,83.83
2017-11-17,0.244952882,32,25.6,5.09,6.9,2.5,72.8,79.25
2017-11-18,0.189253533,46.7,26.7,4.97,6.9,2.5,69.1,76.72
2017-11-19,0.260753207,71,26.4,0,9.2,2.3,42.9,74.88
2017-11-20,0.511162357,115.2,25.9,0,9.2,2.4,1.2,69.28
2017-11-21,0.481309302,142.1,24.2,0,13.9,2.4,0.2,66.72
2017-12-01,0.166160223,129.2,21.9,0,5.8,2.1,0.1,71.06
2017-12-02,0.160096158,138.3,22.6,0,6.9,2.1,6.7,67.87
2017-12-03,0.222791974,105,22.8,0,5.8,2.2,2.8,64.8
2017-12-04,0.258035176,116.1,22.1,0,5.8,2.1,13.4,68.8
2017-12-05,0.207562876,134.2,21.6,0,5.8,2.2,2.5,69.37
2017-12-06,0.262284959,122.8,21.6,0,6.9,2.4,26.7,67.58
2017-12-07,0.148759681,119.5,22.6,0,6.9,2.4,25.4,64.83
2017-12-08,0.35411229,87.6,22.8,0,5.8,2.4,66.2,66.93
2017-12-09,0.123428126,42.1,21.7,13.62,11.4,2.1,90.1,85.77
2017-12-10,0.127333339,14.2,22.2,71.28,10.3,2.4,92.5,89.33
2017-12-11,0.18501358,35.1,23.1,9.05,9.2,2.3,79.2,87.76
2017-12-12,0.541702115,83.3,24.2,0.73,5.8,1.8,41,74.54
2017-12-13,0.97893049,208.3,23.6,0,5.8,1.6,15.7,79.63
2017-12-14,0.494687233,203.1,22.9,0,11.4,1.7,16.7,75.31
2017-12-15,0.437163439,155.4,21.2,0,9.2,2,1.2,71.41
2017-12-16,0.533432312,149,20.1,0,5.8,2.1,0,68.09
2017-12-17,0.577966206,187.6,20.2,0,5.8,1.1,27.2,83.27
2017-12-18,0.472468812,120.9,20.7,0,8.1,1.6,44.7,79.92
2017-12-19,0.357154478,133.5,19,0,8.1,1,65.1,87.63
2017-12-20,0.342558424,154.4,19.5,0,5.2,0.6,52.3,87.45
2017-12-21,0.329953118,154,19.7,0,6.9,1.3,31.2,78.78
2017-12-22,0.346545549,143.7,21.3,0,5.8,1.6,26.5,75.62
2018-01-01,0.2852583,149,20.3,0,5.8,1.9,36.2,70.46
2018-01-02,0.455336495,169,21.1,0,8.1,1.5,49.3,73.47
2018-01-03,0.666041125,146.2,19.2,0,11.4,1.6,18.4,69.74
2018-01-04,0.504801099,182.1,15.9,0,9.2,1.7,0,71.72
2018-01-08,0.394121019,204.8,12.8,0,11.4,1.3,1.2,76.88
2018-01-09,0.371788386,195.8,15.3,0,8.1,1.4,4.2,74.27
2018-01-10,0.730257335,218,15,0,6.9,1.4,8.3,75.17
2018-01-11,0.937516804,257,14.1,0,9.2,0.6,24.3,85.93
2018-01-12,1.27792719,248.7,15,0,6.9,0.7,22.8,82.17
2018-01-13,1.46178072,253.6,15.7,0,6.9,0.7,39.5,85.72
2018-01-14,2.03739263,280.5,14.8,0,8.1,0.4,57.5,91.25
2018-01-15,0.852919696,217.9,15.3,0,5.8,0.7,31,83.4
2018-01-16,0.816006249,207.6,17.6,0,8.1,1.3,20,74.67
2018-01-17,0.549701127,221.9,18.7,0,6.9,1.1,30.8,76.86
2018-01-18,0.47852097,160.6,19.8,0,6.9,1.4,27.6,74.78
2018-01-19,0.441511073,156.4,19.7,0,9.2,2,0,69.09
2018-01-20,0.53869072,153.5,18.5,0,8.1,1.8,5.8,71.04
2018-01-21,0.595222752,212,18.3,0,9.2,1.3,6.3,73.9
2018-01-22,0.521427589,220.5,18.3,0,6.9,1.1,32.7,77.98
2018-02-01,1.22119569,194.6,19.9,0,5.8,1.8,0,65.69
2018-02-02,1.96053816,285.7,20.2,0,6.9,1.3,17.7,75.85
2018-02-03,1.46317133,284.7,20.3,0,4.7,0.8,28.1,80.3
2018-02-04,0.916647842,216.1,21.2,0,8.1,1.5,9.8,72.69
2018-02-05,0.777384556,133.5,23.2,0,6.9,1.6,29.4,75.83
2018-02-06,0.830527269,228,22.8,0,8.1,1.4,20.3,71.9
2018-02-07,0.668074803,281,21.7,0,10.3,1.7,22,69.71
2018-02-08,0.637578197,109.8,22.5,0,9.2,2.4,56.5,57.45
2018-02-09,0.800040766,125,22.2,0,5.8,2.3,27.7,58.28
2018-02-10,1.37299823,114,23.6,2,10.3,2,39.8,63.81
2018-02-11,0.563158401,109,23,0,10.3,2.4,34,49.22
2018-02-12,0.310254728,145.7,22.9,0,9.2,2.2,12.7,55.98
2018-02-13,0.419445593,132,23.3,0,10.3,2.4,20.3,57.24
2018-02-14,0.470042006,107.5,23,0,8.1,2.4,34,56.64
2018-02-15,0.363413925,123.3,22.6,0,9.2,2.2,0,58.68
2018-02-16,0.345664403,127.1,22.8,0,10.3,2.3,2.3,52.76
2018-02-17,0.566467251,157.1,22.3,0,8.1,2,0,65.38
2018-02-18,0.736969731,210.8,22.5,0,6.9,2,2.9,64.22
2018-02-19,0.629686706,166.7,23.2,0,9.2,2.1,0,58.39
2018-02-20,0.739966737,205.4,24.8,0,8.1,2,21.1,59.28
2018-03-01,1.48977365,127.3,26.2,0,9.2,2.3,15.7,59.47
2018-03-02,0.875639448,163.5,27,0,6.9,2,12.5,62.18
2018-03-03,0.599392184,84,27.7,0,11.4,2.4,8.2,58.58
2018-03-04,0.446956597,85,28.5,0,13.9,2.3,5.7,61.61
2018-03-05,0.894554219,75.7,28.1,0,11.4,2.5,28.9,62.94
2018-03-06,0.740519712,110.1,28.1,0,8.1,2.5,26.3,46.4
2018-03-07,0.311654406,105,27.2,0,9.2,2.5,5.8,46.85
2018-03-08,0.299257874,102.1,25.9,0,9.2,2.6,0.1,46.37
2018-03-09,0.513732831,128.8,25.8,0,11.4,2.4,11.3,55.67
2018-03-10,0.479873494,156,25.7,0,12.8,2.3,3.8,57.64
2018-03-11,0.438278603,213.6,26.3,0,6.9,2.4,0,48.79
2018-03-12,0.67519398,143.8,27,0,9.2,2.4,17.7,58.17
2018-03-13,0.582643779,64,27.4,0,11.4,2.5,33.2,62.79
2018-03-14,0.768919844,123.2,26.6,0,8.1,2.4,23.4,68.53
2018-03-15,1.4512503,81.2,28,0,11.4,2.3,23.5,68.22
2018-03-16,0.985941075,64.2,28.1,1,10.3,2.5,71.3,66.85
2018-03-17,0.76355319,89.6,28.3,0.6,9.2,2.5,35.3,56.56
2018-03-18,0.652641354,125,28,0,11.4,2.3,34.4,59.83
2018-03-19,0.411850169,136,27.9,0,11.4,2.2,11.4,62.09
2018-03-20,0.466059883,109,27.8,0,10.3,2.4,2.9,55.6
2018-03-21,0.644652909,161.3,27.8,0,10.3,2.4,6.5,48.47
2018-03-22,0.907623323,155,28,0,10.3,2.4,13,57.36
2018-04-01,0.404682714,87.4,27.7,0,6.9,2.7,34.1,58.35
2018-04-02,0.480000023,81,26,0,17.2,2.5,61,65.63
2018-04-03,0.784823749,127.4,28.6,0,8.1,2.4,44.5,64.17
2018-04-04,0.646437752,156.4,27.5,0,13.9,2.5,41.5,65.88
2018-04-05,0.831373675,138.3,27.8,9,13.9,2.4,44.6,67.85
2018-04-06,1.00502264,56.9,26,4.1,13.9,2.5,80.2,72.57
2018-04-07,1.77873023,52.2,27.2,2.79,13.9,2.5,74.8,71.24
2018-04-08,0.502422946,70,25.8,19.07,12.8,2.4,77.2,74.98
2018-04-09,2.27219231,86.7,28.1,0,12.8,2.4,52.2,68.28
2018-04-10,0.558616492,63,28.2,1.8,11.4,2.6,55,63.02
2018-04-11,1.09344966,84.8,28.2,0,10.3,2.5,60.2,67.16
2018-04-12,0.61778986,51.6,27.1,17.62,23,2.5,41.7,66.92
2018-04-13,0.422555386,57.7,28.2,13.47,16.1,2.6,45.6,68.94
2018-04-14,0.689472071,32.8,27.5,41.89,25.3,2.5,72.3,75.03
2018-04-15,0.39066462,71.1,28.1,11.81,9.2,2.6,31.7,64.43
2018-04-16,0.954024733,71.9,29.4,0,13.9,2.7,35.1,65.85
2018-04-17,1.00894148,63.9,25.6,36.46,13.9,2.5,72,73.44
2018-04-18,0.469951591,81.4,27.6,41.52,14.7,2.5,61.1,71.72
2018-04-19,0.60702242,37.1,26.9,49.58,18.3,2.6,80.5,74.49
2018-04-20,0.412714559,68.5,27.7,19.22,62.2,2.7,70.3,74.82
2018-04-21,1.98020863,64.9,26.7,22.25,17.2,2.5,86.8,80.94
2018-05-01,0.400177116,30.8,26.5,0,15,2.5,70.4,73.87
2018-05-02,0.215216123,38.4,25.7,23.85,17.2,2.4,74,81.74
2018-05-03,0.434316865,50,26,5.4,10.3,2.5,71.5,77.02
2018-05-04,0.495267456,57.3,25.6,80.6,13.9,2.3,75.4,80.32
2018-05-05,0.580167983,42.8,26.4,67.85,11,2.5,81.6,78.72
2018-05-06,1.79716038,34.8,28.4,21.6,17.2,2.5,83.8,76.69
2018-05-07,1.75104645,35.8,27.2,4.61,32.2,2.6,93,81.26
2018-05-08,0.587222437,37.1,29.4,2.69,16.1,2.5,92.2,81.15
2018-05-09,1.5099515,38,28.3,16,17.2,2.5,89,82.49
2018-05-10,0.47765871,27.5,25.5,25.74,11.4,2.5,88.2,83.13
2018-05-11,0.934178743,26.9,25.9,3.29,15,2.4,87.8,77.55
2018-05-12,0.37336565,47.2,27.1,15.41,9.2,2.6,35.7,70.07
2018-05-13,1.14138942,72.8,26.8,44.13,20.8,2.4,71.6,79.65
2018-05-14,0.56386874,47.2,27.7,14,11.4,2.6,75.7,71.57
2018-05-15,0.615206177,65.4,28.5,0,11.4,2.5,67.8,71.31
2018-05-16,0.274000013,60.5,24.3,45.51,17.2,2.3,91.2,81.32
2018-05-17,0.528651942,54.3,26.8,6.9,9.2,2.5,85.1,77.63
2018-05-18,0.598651942,59.8,26.2,37.25,15,2.5,83,84.96
2018-05-19,0.843973045,39.6,27.3,0,11.4,2.4,72.3,77.55
2018-05-20,0.737806183,44.7,26.7,0,12.8,2.3,77.6,81.7
2018-05-21,1.8363854,48.9,26.6,0,23,2.3,87.8,83.53
2018-05-22,0.636961143,54.6,27.1,0,11.4,2.4,90.4,85.29
2018-06-01,0.989000047,32.3,26.7,47.2,26.4,2.5,92.9,85.25
2018-06-02,0.681191701,43.8,28.1,7.02,11.4,2.5,88.8,82.17
2018-06-03,0.953107718,57.8,27.9,45.54,18.3,2.5,85.4,83.52
2018-06-04,0.99742736,55,28.8,22.2,10.3,2.5,82,79.06
2018-06-05,0.553443855,38.3,29.8,13.42,11.4,2.5,66.2,75.68
2018-06-06,0.434528884,34.1,30.4,7.45,8.1,2.5,64.4,77.22
2018-06-07,0.297363602,33.8,30.8,0.2,8.1,2.6,63.6,77.64
2018-06-08,0.557000026,19.6,29.8,25.08,8.1,2.3,76,79.64
2018-06-09,0.470580825,39.8,30.8,3,10.3,2.6,82.7,74.5
2018-06-10,0.344000016,20.3,28.6,76.69,9.2,2.5,91.2,79.77
2018-06-11,0.293000014,19.8,28.6,31.05,9.2,2.6,86.2,80.89
2018-06-12,0.297363602,32.8,28.5,71.97,11.4,2.3,94.5,86.49
2018-06-13,1.25512541,33.9,28.5,6.4,24.4,2.5,87.3,79.93
2018-06-14,1.60743367,49.7,31.2,0,13.9,2.6,81.2,75.18
2018-06-15,0.919859462,50,30.2,0.2,17.2,2.5,91.2,82.31
2018-06-16,1.37004138,24.8,27.6,119.08,23,2.5,92.6,82.78
2018-06-17,1.10000005,37.1,30.3,2,11.4,2.6,78.2,76.94
2018-06-18,1.29056635,42.2,30.3,26.13,16.1,2.7,78.3,74.72
2018-07-02,1.24000006,25.8,29.4,39.46,11.4,2.5,90.1,78.71
2018-07-06,0.721363192,43,30.1,1,11.4,2.7,62.5,75.12
2018-07-07,0.286941588,32.5,30.4,0,11.4,2.7,71.7,72.69
2018-07-09,0.157055814,25.3,29.1,15.86,16.1,2.6,82.6,79.4
2018-07-11,0.271614167,34.1,30,3.04,11.4,2.5,71,77.74
2018-07-14,0.334284188,19.6,30.9,1,11.4,2.6,76.7,70.76
2018-07-15,0.21100001,14.5,30.4,12.2,15,2.5,88.5,75.23
2018-08-07,1.66266799,26.9,29.8,15.05,17.2,2.5,79.6,73.24
2018-08-10,0.312884631,51.9,30.6,5.6,11.4,2.6,72.7,72.41
2018-08-14,0.313665115,25.6,31.1,5.97,11.4,2.5,89.3,73.39
2018-11-01,0.091123372,38.5,27.8,0,9.2,2.5,21.7,67.13
2018-11-02,0.147764485,106.9,27.8,0,6.9,2.5,57.1,70.68
2018-11-03,0.381815845,83,27.8,0,6.9,2.5,47.3,72.65
2018-11-04,0.791078396,86.2,27.5,0,9.2,2.1,39.1,70.82
2018-11-05,1.11739265,63,26.7,0,11.4,2.4,47.2,74.5
2018-11-06,0.760768041,90.7,26.3,0,8.1,2.4,64.3,75.81
2018-11-07,0.85825816,126.3,24.9,0,8.1,1.7,51.9,78.53
2018-11-08,0.458862642,109.1,25.4,0,10.3,2.4,17,67.09
2018-11-09,0.484669036,147.5,24,0,5.8,2.3,3.8,69.37
2018-11-10,0.4671415,240.1,23.8,0,4.7,2.1,37.6,68.15
2018-11-11,0.360254535,161,24.2,0,9.2,2.2,12.5,68.99
2018-11-12,0.362844963,151.7,24.6,0,6.9,2.1,32.9,69.54
2018-11-13,0.508916505,113.6,24.6,0,5.8,2.3,23,68.74
2018-11-14,0.806397999,178.4,24.4,0,5.8,1.9,13.1,72.61
2018-11-15,0.701831587,247.3,24.7,0,5.8,1.7,13.2,72.68
2018-11-16,0.691508566,177.3,25.7,0,6.9,1.9,4.6,67.64
2018-11-17,0.979531788,141.5,25.6,0,9.2,2.2,36.3,67.08
2018-11-18,0.687995723,143.7,24,0,6.9,2.4,0.1,62.1
2018-11-19,0.641854888,137.2,23.4,0,5.8,2.2,7.7,67.85
2018-11-20,0.693161553,183.8,23.4,0,6.9,2.1,6.3,66.37
2018-11-21,0.648884338,120.5,23.9,0,8.1,2.2,6.6,68.73
2018-12-01,0.416236751,122.1,23.2,0,6.9,2.2,48,64.19
2018-12-02,0.339298807,105.6,22.5,0,11.4,2.1,26.3,66.8
2018-12-03,1.11784744,125,22.5,0,9.2,2.3,17.9,64.56
2018-12-04,0.330035765,158.5,22.3,0,8.1,2.1,11.5,67.58
2018-12-05,0.317920956,128.7,22.2,0,8.1,2.3,23,64.63
2018-12-06,0.569137543,178,22.3,0,6.9,2,35.1,68.87
2018-12-07,0.608162273,179.3,21.6,0,9.2,2,8.7,68.43
2018-12-08,0.430241747,192.8,21.5,0,10.3,2.1,20.4,66.18
2018-12-09,0.284726003,149.6,21.8,0,8.1,2.1,10.5,69.87
2018-12-10,0.161014993,155.7,21.3,0,8.1,2.1,0,69.16
2018-12-11,0.202050409,166.6,21.4,0,5.8,2.1,12,65.62
2018-12-12,0.395498843,220.3,21.7,0,8.1,2,7.4,66.11
2018-12-13,0.311078599,190.6,22.2,0,8.1,1.7,5.8,69.28
2018-12-14,0.468141029,143.8,22.3,0,9.2,2.1,14.5,70.18
2018-12-15,0.37585231,155.4,21.8,0,9.2,2.2,35.4,66.07
2018-12-16,0.269971555,147.9,22.6,0,10.3,2.3,82.3,66.7
2018-12-17,1.00284744,148.1,20.8,0,11.4,1.5,93.4,83.55
2018-12-18,0.235968921,53.2,18.8,0,11.4,2.2,95.1,87.32
2018-12-19,0.265968921,54.8,17.8,0,9.2,2.4,77.6,83.39
2018-12-20,0.26687183,130.5,17.5,0,8.1,1.4,52.1,85.17
2018-12-21,0.577853614,130.3,18.8,0,9.2,1.6,31.9,78.6
2018-12-22,0.437025276,165.5,19.8,0,10.3,1.7,32.7,72.44
2019-01-01,0.264136586,130.7,20.6,0,5.8,2.1,1.1,62.01
2019-01-02,0.236604672,150.5,20.6,0,6.9,2.2,0,62.95
2019-01-03,0.37235154,156.4,19.4,0,9.2,2.1,0,64.82
2019-01-04,0.819917497,257.9,18.3,0,9.2,1.9,0,62.75
2019-01-05,0.240403059,183,18.5,0,6.9,1.9,0,66.37
2019-01-06,0.184356332,161.4,19.9,0,6.4,1.9,1.7,63.51
2019-01-07,0.204970202,182.8,20.9,0,5.8,2,2.3,63.47
2019-01-08,0.427112277,164.8,20,0,11.4,2,4.2,66.77
2019-01-09,0.669336087,161,19.6,0,8.1,2.4,0,62.59
2019-01-10,0.822728177,180.8,19.2,0,6.9,2.1,0,63.31
2019-01-11,0.448201206,199.5,19.2,0,8.1,1.8,0,63.09
2019-01-12,0.409861471,206.8,19.7,0,5.8,2,2.3,65.27
2019-01-13,0.315422189,173.5,20.4,0,8.1,1.9,5.8,68.7
2019-01-14,0.858200371,162.7,20.3,0,9.2,2.2,1,62.23
2019-01-15,0.730928317,186.8,19.8,0,11.4,2.1,0,63.06
2019-01-16,0.398334436,139.6,19.3,0,11.4,2.2,0,61.31
2019-01-17,0.438032418,190.1,20,0,9.2,2,0,61.37
2019-01-18,0.586116189,257.4,20.1,0,9.2,1.8,2.1,67.77
2019-01-19,0.732564928,260.3,19.6,0,6.9,1.3,17.1,72.38
2019-01-20,0.57196283,267,20.6,0,9.2,1.5,0,67.75
2019-01-21,0.513491047,211.6,20.4,0,6.9,1.9,0,64.33
2019-01-22,0.341485646,198.6,21,0,5.8,2,2.4,60.28
2019-02-01,0.223788221,245.5,21,0,9.2,2,8.7,60.89
2019-02-02,0.308735015,213.7,21.7,0,9.2,1.9,7.4,60.6
2019-02-03,0.389945236,320.8,22.3,0,9.2,2.1,0,57.12
2019-02-04,0.345909037,231.8,22.1,0,9.2,2,0,58.58
2019-02-05,0.335239947,158.2,21.3,0,9.2,2.3,16.1,55.87
2019-02-06,0.525182246,217.5,21.1,0,9.2,2.2,0,57.38
2019-02-07,0.638747724,240.2,21.8,0,5.8,1.9,2.3,61.66
2019-02-08,0.721892987,264.3,22.9,0,11.4,2,28.1,58.64
2019-02-09,0.872512799,75,22,0,11.4,2.5,65.4,64.61
2019-02-10,0.351159118,205.5,21.2,0,11.4,2.5,19.2,61.01
2019-02-11,0.230560783,112.3,21,0,11.4,2.2,4.2,60.73
2019-02-12,0.266244838,131.7,21.3,0,9.2,2.3,2.4,64.74
2019-02-13,0.245125931,147.2,22.6,0,11.4,2.2,0,60.63
2019-02-14,0.380741988,170.8,23,0,9.2,2.1,0,62.35
2019-02-15,0.552468888,381.3,23.8,0,10.3,2,3.6,62.38
2019-02-16,0.407066319,261,22.8,0,11.4,2.3,37.9,58.01
2019-02-17,0.960344147,156.9,20.5,0,8.1,2.3,37.9,73.88
2019-02-18,0.616154268,240.6,21,0,6.9,1.8,2.1,65.58
2019-02-19,0.599381285,214,23.3,0,10.3,2.1,0,56.23
2019-02-20,0.759903964,126.7,24.1,0,11.4,1.9,29.5,69.82
2019-03-01,0.218938331,106,21.8,0,8.1,2.2,8.2,63.32
2019-03-02,0.285946067,87.9,21.5,0,11.4,2.4,0,51.35
2019-03-03,0.3727045,135.2,22.3,0,11.4,2.5,8.7,54.58
2019-03-04,1.92774202,241.1,22,0,6.9,1.7,63.8,70.67
2019-03-05,2.27327056,112.5,21.8,0,11.4,1.8,78,79.16
2019-03-06,1.38056926,111.8,23.7,0,8.1,2,63.8,72.78
2019-03-07,0.964834824,124.4,24.6,0,6.9,1.8,51.9,62.22
2019-03-08,0.423012034,108.5,24.5,0,16.1,2.5,19.1,54.91
2019-03-09,0.516065456,177.6,23.5,0,34.4,2.3,0,59.98
2019-03-10,0.799944935,189.7,25,0,10.3,2.2,16,62.36
2019-03-11,0.775159435,120.7,26.1,0,6.9,2,53.7,77.38
2019-03-12,0.47911235,83.4,27.5,0,10.3,2,49.6,66.69
2019-03-13,0.587950845,106.4,27.9,0,8.1,2.2,44.3,69.41
2019-03-14,0.534816287,113.9,28,0,9.2,1.9,36.1,69.99
2019-03-15,0.42450914,135.9,28.2,0,11.4,2.3,49.8,56.5
2019-03-16,0.422396764,87.2,29.1,0,9.2,2.5,34.3,51.61
2019-03-17,0.644723542,118.4,28.3,0,6.9,2.4,23.4,56.69
2019-03-18,0.488731836,80.3,25.9,0,13.9,2.3,61.7,66.7
2019-03-19,0.800768308,92.7,25.5,0,9.2,2.4,51.3,68.52
2019-03-20,0.436880791,95.3,26.6,0,9.2,2.2,26,64.69
2019-03-21,0.489483462,81.2,28.1,0,11.4,2.5,19.6,62.09
2019-03-22,1.00883312,153.3,28.4,0,13.9,2.4,41.8,64.96
2019-04-01,0.401373179,47,24.9,0,18.3,2.4,61.8,71.28
2019-04-02,0.54749174,63.9,25.5,0,17.2,2.3,74.5,80.55
2019-04-03,0.865488775,50.6,24.9,0,11.4,2.5,48.8,73.3
2019-04-04,1.00991825,133.7,27.8,0,11.4,2.2,52.6,70.15
2019-04-05,1.37799478,77.1,27.5,0,11.4,2.3,63.8,78.15
2019-04-06,0.431204702,48.7,27.5,0,34.4,2.1,69.8,71.75
2019-04-07,0.332423975,67,25.4,0,11.4,2.3,65.3,68.49
2019-04-08,0.614130937,77.5,25.4,0,34.4,2.1,61.8,76.95
2019-04-09,0.192569567,36.5,24.2,0,18.3,2.2,72.1,79.38
2019-04-10,0.454674908,46.1,23.7,0,9.2,2.5,60.7,77.43
2019-04-11,0.302259915,108.7,27.3,0,18.3,2.1,65.3,77.56
2019-04-12,0.840712478,69.9,27.4,0,11.4,2.5,66.9,75.46
2019-04-13,0.691484954,88.3,27,0,18.3,2.1,61.7,79.31
2019-04-14,0.389128201,89.4,28,0,6.9,2.4,38.6,66.51
2019-04-15,0.712475953,46.7,29.7,0,11.4,2.4,44.3,70.69
2019-04-16,0.736472622,51.3,30.2,0,13.9,2.5,57.6,71.12
2019-04-17,0.75516907,58.5,29.8,0,21.9,2.4,43,68.78
2019-04-18,0.496358553,80.2,29,0,11.4,2.3,16.9,63.08
2019-04-19,0.38453182,124.4,29.7,0,9.2,2.3,27,58.36
2019-04-20,0.372770177,83.4,30.2,0,10.3,2.3,16.9,60.3
2019-04-21,0.670831729,74.2,29,0,25.3,2.4,26.2,60.33
2019-05-01,0.465605411,118.8,31.7,0,17.2,2.5,43.1,60.97
2019-05-02,0.21200001,128.7,31.5,0,13.9,2.5,61,63.68
2019-05-03,0.972341252,132.1,28.3,0,18.3,2.4,82,81.45
2019-05-05,0.366122012,44.2,29.2,0,13.9,2.5,39.2,68.15
2019-05-06,0.37451159,52.1,30.6,0,13.9,2.5,42.7,67.12
2019-05-07,0.341564284,70.3,30.8,0,13.9,2.5,46,67.77
2019-05-08,0.43815069,59.7,31,0,13.9,2.5,57.8,68.68
2019-05-09,0.582208841,56.3,31.1,0,17.2,2.5,57.3,72.1
2019-05-10,0.726437921,56.3,31.9,0,21.9,2.5,52.8,72.79
2019-05-11,0.580627992,50.3,31.7,0,17.2,2.5,60.2,68.85
2019-05-12,0.976279646,45.8,31.3,0,13.9,2.5,48.5,66.95
2019-05-13,0.925625253,60.3,30.4,0,19.7,2.5,72.7,70
2019-05-14,0.828427647,48.4,28.5,0,11.4,2.4,62.4,74.53
2019-05-15,0.447926165,52.4,30.7,0,11.4,2.5,50.1,68.69
2019-05-16,0.520802804,45,30.2,0,16.1,2.5,49,68.14
2019-05-17,0.673507824,41.5,29.5,0,46.1,2.4,64.6,76.86
2019-05-18,0.2791553,66,28.8,0,13.9,2.5,59.8,74.81
2019-05-19,0.861895869,65,29,0,20.8,2.5,59.9,76.52
2019-05-20,0.466920209,74.2,30,0,25.3,2.5,58.9,73
2019-05-21,2.29286418,79.9,31,0,13.9,2.5,43.5,62.67
2019-05-22,0.551982259,43.2,30.6,3,23,2.6,47.1,70.23
2019-06-01,1.03073419,38.2,28.4,103.37,11.2,2.5,60.8,75.72
2019-06-02,0.530341205,41,27.4,17.48,21.9,2.4,79.5,80.44
2019-06-03,0.7533782,28.3,27.8,24.77,13.9,2.5,77.8,81.13
2019-06-04,0.329110669,21.8,28.1,32.13,13.9,2.6,81.7,82.73
2019-06-05,0.559815085,9.6,26.2,71.77,11.4,2.3,87.7,88.66
2019-06-07,0.542000026,12.8,29,1,15,2.7,53.4,79.22
2019-06-09,0.33388375,23.5,28.4,7.61,11.4,2.4,82.2,83.39
2019-06-10,0.716228132,30.5,30.6,19.65,10.3,2.6,59,72.64
2019-06-11,0.700294238,33.6,31.2,0,6.9,2.5,35.1,70.34
2019-06-12,0.787083377,29.1,32,0,8.1,2.5,45.6,71.69
2019-06-13,0.583102177,42.3,31.8,0,9.2,2.5,66.1,74.72
2019-06-14,1.09245055,35.3,30.6,0,10.3,2.6,77.1,78.92
2019-06-15,1.28900006,43.8,27.6,30.36,9.2,2.6,77.6,83.1
2019-06-16,0.685967084,40.9,30.1,0,15,2.6,63.9,74.82
2019-06-17,1.73430044,32.7,30.6,0,13.4,2.6,68,76.95
2019-06-18,0.624575065,50.8,30.2,76.3,11.4,2.5,67.1,73.94
2019-06-19,0.827398613,67,32.4,0,8.1,2.7,56.3,69.76
2019-06-21,0.712000034,33.2,30.3,2.55,23,2.6,74.8,78.95
2019-07-01,0.201254278,24.8,30.2,8.23,18.3,2.6,72.4,76.71
2019-07-02,0.487993211,19,28.3,33.99,21.9,2.4,81,82.04
2019-07-03,0.387895358,17.8,29.3,14.58,16.1,2.5,62,78.79
2019-07-04,0.276469823,33.7,30.7,14.96,11.4,2.7,74.8,75.46
2019-07-05,0.19149967,20.7,30.5,5.3,17.2,2.7,69.2,73.01
2019-07-06,0.15149967,17.7,28.8,10.4,16.1,2.6,87.5,84.33
2019-07-07,0.31246346,33.3,28.5,40.05,11.4,2.5,87.7,87.79
2019-07-08,0.30253317,32,28.6,60.72,11.4,2.4,80.1,87.55
2019-07-09,0.29949967,29,29.5,29.8,12.8,2.6,83.6,84.79
2019-07-10,0.27949967,28.7,29.5,47.31,16.1,2.6,76.5,79.24
2019-07-11,0.20149967,24.4,28.3,21.33,16.1,2.3,91.6,88.47
2019-07-12,0.27149967,28.6,27.3,109.49,11.4,2.4,88.6,88.6
2019-07-13,0.27649967,28.3,28.8,29.26,13.9,2.4,82.5,85.87
2019-07-14,0.503451655,34.4,27.1,80.83,16.1,2.5,90.4,89.65
2019-07-15,0.695663457,41.8,27,25,17.2,2.4,85.4,88.59
2019-07-16,1.39754103,65.5,29.3,2.9,17.2,2.5,76.4,84.71
2019-07-17,1.00142291,76.4,30.8,0,6.9,2.5,43.6,75.59
2019-07-18,1.14033452,76.5,30.6,9,9.2,2.3,59.5,78.79
2019-07-19,0.708054976,40.7,30.9,1.3,13.9,2.6,61.9,73.59
2019-07-20,0.525684319,24.3,31.1,3.24,11.4,2.6,41.5,70.47
2019-07-21,0.396788792,23.6,31.7,0,10.3,2.6,51.5,73.82
2019-07-22,0.184729245,18.5,31.9,29.69,13.9,2.5,69.9,69.54
2019-08-01,0.505142881,27.7,30,28.8,11.4,2.6,67.1,77.82
2019-08-02,0.18747913,30.1,30.1,9.29,13.9,2.6,62.9,76.31
2019-08-03,0.171000008,21.3,29.4,24.7,12.8,2.5,75.7,82.97
2019-08-04,0.377241616,29.7,30.5,7,10.3,2.6,63.4,74.2
2019-08-05,0.227130147,28.2,31.9,1,9.2,2.6,55.5,74.32
2019-08-06,0.247820073,26.4,31.7,29.07,12.8,2.6,74.8,72.85
2019-08-07,0.213472247,10.5,29.5,27.3,23,2.6,78.3,74.01
2019-08-08,0.596000028,16,27.3,115.35,17.2,2,88.6,90.79
2019-08-09,0.291231412,31.5,29.7,9.01,11.4,2.6,73.2,78.45
2019-08-10,0.623592231,31.4,31.2,3.7,9.2,2.6,59.4,72.86
2019-08-11,0.339210779,32,31.6,0,6.9,2.6,59.4,74.59
2019-08-12,0.345007297,13.6,30.8,40.01,16.1,2.5,71.1,75.43
2019-08-13,0.484679024,4.8,28.3,61.73,13.9,2.5,84.2,84.98
2019-08-14,0.096123124,14.9,27.8,56.2,11.4,2.5,88.7,87.86
2019-08-15,0.141521313,21.5,28.7,12.94,13.9,2.6,79.6,84.41
2019-08-16,0.181231294,26.8,29.2,1.98,11.4,2.5,81,83.46
2019-08-17,0.230314805,21.3,29.6,24.66,11.4,2.4,75.8,80.33
2019-08-18,0.478666689,16.1,29.8,1,18.3,2.7,66.6,73.88
2019-08-19,0.457430943,30.2,30.7,1,11.4,2.6,50.3,71.27
2019-08-20,0.541000026,21.3,30.9,1,8.1,2.6,65.1,72.89
2019-08-21,0.801000038,39.2,31.6,1,6.9,2.6,59.4,70.93
2019-08-22,0.654972815,46.3,30.2,4.56,13.9,2.6,74.4,77.63
2019-09-01,0.276696833,44.7,31.8,2,9.2,2.6,52.7,71.53
2019-09-02,0.224192081,111,29.6,41.7,11.4,2.5,73.9,76.32
2019-09-03,0.236278853,88,30.2,1.3,15,2.6,75.1,73.41
2019-09-04,0.279000013,52,30.4,10.8,17.2,2.6,71.4,73.57
2019-09-05,0.215648857,32,30.2,12.7,17.2,2.6,70.2,76.77
2019-09-06,0.145139232,22.5,29.9,8.7,18.3,2.7,58.1,75.47
2019-09-07,0.198726272,18.4,29.1,4.54,13.9,2.6,75.2,81.74
2019-09-08,0.213766897,28.2,29.3,4.06,15,2.6,77.8,79.24
2019-09-09,0.362877598,39,28.5,35.62,11.4,2.6,77.1,85.22
2019-09-10,0.372877598,39.9,29.6,25,9.2,2.6,65.4,82.49
2019-09-11,0.43000002,22.4,29.8,6.11,13.9,2.6,71.2,78.46
2019-09-12,0.19813124,22.5,28.2,19.65,17.2,2.6,84.3,86.95
2019-09-13,0.372341253,47.5,27.5,24.39,10.3,2.5,92.8,90.77
2019-09-14,0.367123123,40.9,29.7,0.8,9.2,2.6,68.4,76.05
2019-09-15,0.302811109,29.3,30.6,5,9.2,2.6,57,72.13
2019-09-16,0.107128902,33.9,29.8,1.2,9.2,2.5,77.3,78.19
2019-09-17,0.312215412,41.5,30.2,0,11.4,2.7,62.7,77.25
2019-09-18,0.224158613,55,30.8,0,9.2,2.5,38.4,72.5
2019-09-19,0.322114614,75.3,31.2,0,6.9,2.6,52.3,70.83
2019-09-20,0.296080189,57.8,30.4,16.8,13.9,2.6,54.5,72.95
2019-09-21,0.368169176,47.2,30,5.49,11.4,2.6,60.3,76.3
2019-10-01,0.285846763,33,27,90.37,9.2,2.4,80.8,88.11
2019-10-02,0.274899025,37,28.8,18,11.4,2.5,71.1,76.6
2019-10-03,0.661000031,70.9,28.6,19.38,11.4,2.3,58.8,78.67
2019-10-04,0.751275975,50.4,29.5,0,6.9,2.6,46.1,76.11
2019-10-05,0.809000038,55.8,29.6,0,9.2,2.6,54.2,77.06
2019-10-06,0.5887349,69.9,29,12.81,9.2,2.6,70.1,79.19
2019-10-07,0.580769437,81.9,28.1,3,8.1,2.5,61.8,82.57
2019-10-08,0.115553773,49.8,28.4,9.6,13.9,2.4,63.4,78.93
2019-10-09,0.21691101,32.5,28.3,2.2,9.2,2.6,64.1,78.96
2019-10-10,0.341652679,43.1,26.2,46.94,9.2,2.5,74.4,86.22
2019-10-11,0.189574408,23.3,28.3,2.6,6.9,2.6,51.4,75.51
2019-10-12,0.535360005,72.8,29.1,0,6.9,2.7,33.7,72.9
2019-10-13,0.404916852,64.4,29,0,9.2,2.5,28.9,71.03
2019-10-14,0.412866874,69.4,28.9,0,9.2,2.6,24.9,66.98
2019-10-15,0.436795488,76,29.4,0,9.2,2.6,21.1,70.78
2019-10-16,0.373418275,48.9,28,18.3,12.8,2.5,50,79.19
2019-10-17,0.298822464,47.8,29.2,1.3,5.8,2.6,28,72.08
2019-10-18,0.23255208,52.9,30,0,9.2,2.3,22.2,68.94
2019-10-19,0.332884389,73.5,30,0,6.9,2.5,18.5,69.16
2019-10-20,0.533565774,78.5,30.1,0,9.2,2.5,15.3,64.27
2019-11-01,0.344685363,149,27.6,0,8.1,2.5,33.7,70.01
2019-11-02,0.219187287,156,27.4,0,8.1,2.5,24,67.75
2019-11-03,0.197259543,144,26.9,0,6.9,2.4,41.7,74.03
2019-11-04,0.309135851,177,27,0,11.4,2.4,22.8,68.66
2019-11-05,0.759092354,159,27.2,0,5.8,2.3,20.2,71.83
2019-11-06,0.724810277,157,26.7,0,9.2,2.1,32.1,75.1
2019-11-07,0.267543612,190,26.1,0,8.1,2.4,51.4,69.85
2019-11-08,0.436602559,168,25.5,4.54,6.9,2.2,80.9,79.74
2019-11-09,0.215783776,25.3,24.2,31.28,13.9,2.4,92.1,90.87
2019-11-10,0.193333343,15.2,23.9,44.59,23,2.4,91,85.71
2019-11-11,0.217190178,40.7,26.1,6.79,13.9,2.5,52.7,76.41
2019-11-12,0.465511875,71.9,26,0,9.2,2.3,24.6,74.53
2019-11-13,0.566590129,82.8,26.5,0,6.9,2.2,27.1,72.17
2019-11-14,0.148774913,69.1,26.8,0,6.9,2.3,10.4,70.48
2019-11-15,0.177092757,87,26.4,0,8.1,2.3,0,67.95
2019-11-16,0.360833264,103.7,26.2,0,6.9,2.3,20.4,68.28
2019-11-17,0.571652171,123.7,25.8,0,9.2,2.3,31.2,70.01
2019-11-18,0.590057865,124,25.2,0,4.7,2.4,19.5,70.4
2019-11-19,0.715388493,168.3,24.7,0,5.8,1.7,37.3,74.66
2019-11-20,0.561931737,70.8,24.3,0,6.9,2.2,19.6,60.96
2019-11-21,0.408026679,101.3,24,0,6.9,2.3,20.6,69.51
2019-12-01,0.665405957,129,23.8,0,10.3,2.3,22.2,67.12
2019-12-02,0.487917757,118.7,23,0,5.8,2.2,23.5,67.95
2019-12-03,0.483984001,130.6,22,0,5.8,2.3,15.1,69.13
2019-12-04,0.325465912,111.2,21.5,0,6.9,2,6.5,68.51
2019-12-05,0.127911151,79.2,22.9,0,11.4,2.4,4.5,66.62
2019-12-06,0.186330252,59.7,23.7,0,9.2,2.4,20.3,63.46
2019-12-07,0.160595181,81.3,23.2,0,6.9,2.4,16.5,61.97
2019-12-08,0.329369554,101.4,23.3,0,5.8,2.4,39.4,64.61
2019-12-09,0.465611547,148,22.5,0,6.9,2.2,42.5,68.15
2019-12-10,0.65586206,125.8,21.9,0,9.2,2.2,19.4,67.02
2019-12-11,1.07615889,146.6,21.5,0,9.2,2.2,24.3,67.54
2019-12-12,1.01704525,162.6,21.4,0,6.9,2,11,69.09
2019-12-13,0.502245124,194.7,21.1,0,4.7,1.9,6,69.64
2019-12-14,0.534009585,140.2,21.4,0,9.2,2,2.3,69.66
2019-12-15,0.79909477,134,22,0,8.1,2.1,7.3,69.87
2019-12-16,0.513104013,120.5,22.1,0,6.9,2.3,23.2,68.52
2019-12-17,0.686942263,121.9,21.1,0,9.2,1.7,30.7,73.94
2019-12-18,0.498581632,146.8,18,0,11.4,1.6,32.9,81.7
2019-12-19,0.526095098,158.9,15.1,0,6.9,0.9,66.2,88.94
2019-12-20,0.318194985,161,15.7,0,6.9,1,64.8,86.84
2019-12-21,0.250963998,138.8,14.7,0,8.2,0.8,64.1,86.99
2019-12-22,0.457469204,123,15.4,0,5.8,1.1,59,82.28
2020-01-01,0.470228436,204.7,21.4,0,4.7,1.8,25.9,64.38
2020-01-02,0.491987564,146.5,21.7,0,6.9,2.2,40.1,69.58
2020-01-03,0.230542305,50.1,19.1,30.86,11.4,2.4,84.1,84.46
2020-01-04,0.579229998,61,19.7,12.1,5.8,2.2,65.9,77.79
2020-01-05,0.385468377,106.9,19.2,0,8.1,1.9,54.1,77.99
2020-01-06,0.492203325,128.7,17.7,0,11.4,1.7,13.5,79.17
2020-01-07,0.826516464,182.3,15.5,0,9.2,0.8,42.4,85.67
2020-01-08,0.370286831,130.9,16.7,0,6.9,1.1,49.8,81.45
2020-01-09,0.251136939,165.2,18.8,0,5.8,1.4,69.3,78.25
2020-01-10,0.803931671,141.6,19.3,0,9.2,1.5,25.3,73.43
2020-01-11,1.07717306,175.4,16.4,0,9.2,1,44.8,85.58
2020-01-12,0.401838611,200.6,15.3,0,10.3,0.7,52.4,89.34
2020-01-13,0.460126688,227,16.5,0,4.7,0.9,58.7,82.53
2020-01-14,0.457236153,247.2,17.4,0,3.4,0.6,53.1,85.93
2020-01-15,0.430824669,262.4,19.5,0,6.9,0.9,47.9,80.2
2020-01-16,0.639707886,211.8,20.4,0,5.8,1.2,28.5,76.57
2020-01-17,0.477029645,130.4,21.3,0,6.9,1.7,3.5,70.71
2020-01-18,0.630994957,167.6,22.4,0,5.8,1.7,8.1,68.05
2020-01-19,0.692644209,195.3,21.2,0,11.4,1.6,21.3,74.94
2020-01-20,0.919493776,138.4,19.2,0,10.3,1.9,28.9,71.96
2020-01-21,0.377362697,160.2,18.6,0,8.1,1.9,15.8,67.81
2020-01-22,0.419632771,177.8,18.8,0,8.1,1.6,7.4,69.26
2020-02-01,1.30680911,134.8,19.5,0,9.2,1.8,5.5,63.96
2020-02-02,0.650910973,113.9,19,0,11.4,2,1.2,63.73
2020-02-03,0.51370794,146.2,17.5,0,10.3,2.2,0,66.83
2020-02-04,0.517565351,142.8,19.4,0,9.2,2.1,12.4,62.29
2020-02-05,0.888000571,136.4,20.9,0,9.2,2.1,31.9,57.68
2020-02-06,0.637406731,149.8,19.8,0,9.2,1.9,3.5,62.47
2020-02-07,0.670205492,142.6,20.3,0,9.2,1.9,44.7,60.66
2020-02-08,0.286915232,152.8,20,0,10.3,1.8,65.8,62.76
2020-02-09,0.565267811,156.9,21.5,0,11.4,2,35.8,62.6
2020-02-10,0.499981479,115.5,20.4,0,11.4,2.2,0,56.79
2020-02-11,0.490353859,129.8,20.6,0,11.4,2.3,0,59.42
2020-02-12,0.476401886,138.8,20.9,0,11.4,2.1,4.6,61.83
2020-02-13,0.646210409,151,20.3,0,9.2,2,0,61.07
2020-02-14,1.18076357,255.3,20.6,0,6.9,1.9,9.6,65.63
2020-02-15,1.5166876,163.6,23,0,9.2,1.8,25,69.26
2020-02-16,1.25134403,187.6,23,0,9.2,1.5,24.4,70.14
2020-02-17,1.636421,197.7,22.8,0,11.4,1.7,0,68.76
2020-02-18,1.02458939,205.8,22.5,0,10.3,1.6,8.1,68.35
2020-02-19,1.07387683,212.1,23.5,0,9.2,2.3,2.1,61.55
2020-02-20,0.687740474,273.8,23.5,0,5.8,2,25.1,64.94
2020-03-01,0.577071273,125,25.2,0,8.1,2.2,0,58.39
2020-03-02,1.19464499,146.1,25.2,0,9.2,2.4,18.8,63.13
2020-03-03,1.08926215,111.4,23.7,29.66,20.8,2.3,48.7,67.72
2020-03-04,2.65699477,96.9,24.8,13,12.8,2.4,56,64.03
2020-03-05,0.927321509,76.1,24.9,32.2,12.8,2.5,52.1,63.58
2020-03-06,1.63533863,90.6,24.8,12.4,11.4,2.4,62.2,68.85
2020-03-07,0.484757318,83.4,23.2,0.51,13.9,2.1,56.6,72.28
2020-03-08,0.44781765,167.5,25.1,0.84,6.9,2.4,56.5,70.55
2020-03-09,0.315504921,91.2,24.3,0,8.1,2.4,21,61.9
2020-03-10,0.279406025,104.8,24.5,0,9.2,2.5,2.7,55.22
2020-03-11,0.780364828,123.3,25.7,0,11.4,2.5,23.9,54.34
2020-03-12,0.783949562,131.2,27,0,6.9,2.3,37.5,57.67
2020-03-13,0.766093546,115,27.9,0,9.2,2.4,9.7,63.62
2020-03-14,0.453087926,83.6,27.1,0,17.2,2.5,39.1,58.5
2020-03-15,0.401944336,62.5,25.8,0,13.9,2.6,36.7,62.24
2020-03-16,0.461559213,80.8,26.6,0,10.3,2.5,22.8,56.85
2020-03-17,0.815020765,82.9,26.8,0,9.2,2.5,34.3,53.38
2020-03-18,0.666914943,87.6,26.8,0,8.1,2.6,24.8,54.83
2020-03-19,0.532267735,95.8,26.6,0,8.1,2.6,19.9,52.35
2020-03-20,1.45221706,157.5,26.9,0.7,13.9,2.4,60.1,62.38
2020-03-21,0.52079877,140.4,26.9,2,10.3,2.4,44.4,58.83
2020-03-22,0.415384892,45.8,25.1,1.5,11.4,2.5,69,62.82
2020-04-01,0.332132916,123.8,29.7,0,9.2,2.7,2.8,51.16
2020-04-02,0.615514312,66.1,29.1,1.5,13.9,2.4,35.2,62.14
2020-04-03,0.548592483,78.8,27.9,66.6,16.1,2.6,54.4,68.75
2020-04-04,0.262981055,62,29.1,0,9.2,2.7,40.2,57.1
2020-04-05,0.541130016,95.8,29.5,22,11.4,2.7,45.8,63.97
2020-04-06,0.266040276,107,29.6,0,13.9,2.7,0.1,54.8
2020-04-07,0.382183135,52.5,30.7,0,13.9,2.6,4.9,54.38
2020-04-08,0.407956096,47.8,28.6,0.4,11.4,2.5,52.1,70.22
2020-04-09,0.344849715,55.2,30.2,0,9.2,2.4,39.6,63.66
2020-04-10,0.481435414,52.5,30.5,0,11.4,2.6,19.5,57.29
2020-04-11,0.397122776,28.9,29.9,0.4,19.7,2.6,36.8,60.95
2020-04-12,0.46140557,33.7,26.1,2.03,20.8,2.6,44.8,69.04
2020-04-13,0.647274514,74.9,29.3,0,8.1,2.7,42.9,60.66
2020-04-14,0.842032153,70.4,30.4,6.8,6.9,2.7,44.3,64.19
2020-04-15,0.67603466,33.3,27.7,3.6,23,2.6,54.8,73.83
2020-04-16,0.464686551,41.8,27.1,0.8,11.4,2.6,47.5,62.58
2020-04-17,0.647093259,32,28.2,0,13.9,2.6,66.5,69.48
2020-04-18,0.590304171,34.4,28.6,6,13.9,2.6,75.6,75.14
2020-04-19,0.30668106,31.1,28.7,44.3,18.3,2.6,46.7,66.94
2020-04-20,0.549707135,33.1,27.5,19.3,13.9,2.6,74.4,75.24
2020-04-21,0.380518945,57.7,26.9,1.4,16.1,2.6,77.2,71.79
2020-05-01,0.397161409,59.8,25.4,15.09,85.2,2.6,63.2,84.57
2020-05-02,0.197741849,45,25.8,20.1,13.9,2.5,79.4,82.42
2020-05-03,0.199444671,35.4,27.2,10.56,9.2,2.7,68.3,75.09
2020-05-04,0.677052664,59.9,29.3,0,6.9,2.6,54.6,70.94
2020-05-05,0.47403821,33.9,29.6,0,11.4,2.6,52.5,71.04
2020-05-06,0.100111589,33.8,26.8,43.46,18.3,2.5,71.4,79.65
2020-05-07,0.070826663,83.8,27.7,9.9,18.3,2.6,52.5,76.11
2020-05-08,0.210113686,64.4,27.9,9.5,11.4,2.6,45,70.2
2020-05-09,0.279335887,74.1,29.2,22.96,13.1,2.6,53.2,74.5
2020-05-10,0.460809574,61.3,28.4,5,12.8,2.6,62.8,71.37
2020-05-11,0.397996231,56,28.6,4,11.4,2.6,66.2,69.73
2020-05-12,0.389510167,56.3,29.8,0,4.7,2.7,30.9,65.77
2020-05-13,0.758523319,48.4,28.9,19.3,18.3,2.5,70.9,69.63
2020-05-14,1.18367152,62.7,28.6,33.18,13.9,2.4,68,69.81
2020-05-15,0.395801255,43.4,28.8,30.54,11.4,2.7,73.7,77.13
2020-05-16,0.404963274,40.4,29.8,18,13.9,2.6,58.8,71.75
2020-05-17,0.409057924,28.9,30.7,0,17.2,2.6,63.5,67.79
2020-06-01,0.563000027,34.1,29.4,0,13.9,2.7,63.6,68.04
2020-06-02,0.697508195,43.8,29.5,4.4,17.2,2.7,52.4,70.92
2020-06-03,0.530268137,28.5,28.9,17.92,16.1,2.5,72.6,75.75
2020-06-04,0.530268137,28.5,27.6,31.8,23,2.4,79.2,81.34
2020-06-05,0.209658178,41.4,28.3,23.2,11.4,2.5,78.3,78.2
2020-06-06,0.189658178,31.4,28.8,10.87,13.9,2.6,81.1,80.17
2020-06-07,0.940265606,52.6,30.4,0.4,11.4,2.6,65.4,71.42
2020-06-08,1.54100007,54.8,28.9,4,13.9,2.7,74.7,76.71
2020-06-09,0.816850023,63.5,30.2,0,9.2,2.7,53.3,66.1
2020-06-10,0.545803222,45,29.5,29.02,8.1,2.5,74.1,74.18
2020-06-11,0.29856569,32.4,28,7.55,11.4,2.5,78,82.29
2020-06-12,0.225624797,23,29,15.91,6.9,2.6,74.4,75.74
2020-06-13,0.239806456,24.5,27.8,50.65,11.4,2.4,84.7,83.6
2020-06-14,0.170214485,30,29.2,19.03,11.4,2.6,66,76.26
2020-06-15,0.230000011,34.1,30.5,6.5,16.1,2.7,62.5,68.86
2020-06-16,0.459934599,37.4,30.4,12.81,17.2,2.6,73.7,71.03
2020-06-17,0.344426665,38.2,27.3,39.36,13.9,2.6,83.2,88.75
2020-06-18,0.209783544,23.6,28.4,51.43,13.9,2.5,84.7,84.31
2020-06-19,0.503000024,30.5,28.3,91.1,11.4,2.5,78.5,82.34
2020-06-20,0.383675048,28.8,29.8,4.9,13.9,2.7,62.6,74.17
2020-06-21,0.048922291,25.1,29.2,19.57,13.9,2.6,74.1,77.59
2020-07-01,0.375923493,16.3,31.7,1,17.2,2.7,61.6,68.45
2020-07-02,0.542000026,24.2,31.5,0,13.9,2.7,63,66.26
2020-07-03,0.634412312,35.2,30.9,4,11.4,2.7,75.4,69.92
2020-07-04,0.694412312,39,29.6,19.57,8.1,2.7,74.3,74.39
2020-07-05,0.375000018,24,28.7,29.35,11.4,2.6,75.1,81.36
2020-07-06,0.185095646,17.6,29,11.63,18.3,2.7,79,78.24
2020-07-07,0.368037677,21.2,29.5,20.18,18.3,2.7,78.9,79.61
2020-07-08,0.782341231,50.8,30.4,14.9,13.9,2.7,70.8,72.14
2020-07-09,0.357123124,22,29.5,26.94,18.3,2.6,80.7,77.26
2020-07-10,0.285321235,15.5,29.8,15.79,117.4,2.6,76.5,76.83
2020-07-11,0.296123125,17.3,29.1,31.9,17.2,2.3,88.3,83.19
2020-07-12,0.583242352,42,28.1,39.08,20.8,2.4,85.6,88.58
2020-07-13,0.832342233,59,29.1,30.44,8.1,2.6,73.8,80.93
2020-07-14,0.917000044,33.3,29,25.22,10.3,2.5,68.4,80.87
2020-07-15,0.481000023,59.7,29.7,9.66,16.1,2.7,75.4,73.22
2020-07-16,0.156050995,35.2,29.9,8.1,13.9,2.7,61.1,66.93
2020-07-17,0.136123561,33.6,30,17.77,11.4,2.6,67.9,74.22
2020-07-18,0.494000023,26.9,30.2,28.9,23,2.6,58.1,75.16
2020-07-19,0.316123125,17.8,30.4,0.2,18.3,2.7,66.6,70.35
2020-07-20,0.135123125,31,26.9,89.65,20.8,2.2,86,87.11
2020-07-21,0.146123126,35.8,27,80.42,16.1,2.2,92.8,90.93
2020-07-22,0.136132734,31,27.5,49.99,17.2,2.3,82.5,87.84
2020-08-01,0.267371559,20.8,30.1,39.71,11.4,2.6,73.8,75.78
2020-08-02,0.373000018,29.1,30.5,5.8,6.9,2.6,66.4,77.4
2020-08-03,0.766516303,38.6,30.7,32.2,6.9,2.6,46.3,73.86
2020-08-04,0.467333356,36,29.4,51.15,8.1,2.6,70.1,78.86
2020-08-05,0.314821871,6.9,29.8,1.7,13.9,2.6,75.8,76.36
2020-08-06,0.083732119,15.3,29.9,31.06,16.1,2.6,74.5,77.49
2020-08-07,0.278000013,25.5,29.8,4,11.4,2.7,67.8,78.89
2020-08-08,0.296123124,32.4,31,9.6,16.1,2.7,71.9,71.23
2020-08-09,0.196234234,21.7,30,12.81,11.4,2.6,72.9,73.8
2020-08-10,0.299123124,32.5,30.4,0.4,13.9,2.7,69.4,75.73
2020-08-11,0.329123124,33.4,30.4,0,11.4,2.7,68,75.66
2020-08-12,0.246234234,23.8,30.1,31.76,16.1,2.7,72.9,75.51
2020-08-13,0.17155741,36.1,30.4,0.21,11.4,2.7,54.3,73.13
2020-08-14,0.263777044,24.7,30.7,0,17.2,2.7,68.8,73.17
2020-08-15,0.096123123,10.2,28.9,10.78,13.9,2.5,84.7,82.2
2020-08-16,0.124312151,16,27.9,48.53,17.2,2.4,86.7,85.57
2020-08-17,0.361231241,30.3,28.3,13.86,11.4,2.6,75.2,76.35
2020-08-18,0.286123123,23.9,29,21.91,11.4,2.6,77.8,79.68
2020-08-19,0.351999577,14.1,29.1,3.68,15,2.7,76.8,76.77
2020-08-20,0.296343121,12.8,27,12.69,17.2,2.5,87.4,85.73
2020-08-21,0.316123124,22.3,27.4,41.35,11.4,2.4,82.1,86.17
2020-08-22,0.561231231,50,27,45.46,11.4,2.4,87.2,90.04
2020-09-01,0.682313123,45.3,28.5,60.09,11.4,2.4,76.1,80.88
2020-09-02,0.309126123,36.7,29.9,13.12,13.9,2.7,64.3,70.77
2020-09-03,0.175000008,33.5,30,0,9.2,2.7,44.1,70.21
2020-09-04,0.466722679,21.9,31.2,0,11.4,2.7,38,70.16
2020-09-05,0.231000011,25,31.4,0,11.4,2.7,53.1,68.3
2020-09-06,0.275746933,20.3,31,1,16.1,2.7,66.1,67.16
2020-09-07,0.197324121,17.2,29.5,13.3,11.4,2.7,76.6,74.87
2020-09-08,0.321612312,26,29.5,30.94,11.4,2.7,75.2,77.05
2020-09-09,0.732518214,68.5,28.9,33.5,6.9,2.6,71.8,76.83
2020-09-10,0.689313123,45.5,28.9,23.37,13.9,2.6,77.1,80.08
2020-09-11,0.389000018,24.5,29.3,16.01,10.3,2.6,73.5,78.34
2020-09-12,0.156000008,32.1,29.8,17,10.3,2.7,72.5,78.21
2020-09-13,0.274000013,23.6,29.6,9.17,11.4,2.5,69.1,77.68
2020-09-14,0.295000008,34.4,29.2,42.3,12.8,2.6,67.6,77.17
2020-09-15,0.699313123,45.7,29.9,6.62,11.4,2.6,67.1,75.97
2020-09-16,0.371612312,26.7,30.1,13.71,17.2,2.6,72.7,72.41
2020-09-17,0.311612312,24.1,30,1,17.2,2.6,71,73.82
2020-09-18,0.299709802,34.8,28.6,47.26,10.3,2.7,64.7,79.96
2020-09-19,0.126473376,32.9,31,0,8.1,2.7,42.8,68.05
2020-09-20,0.296971084,41.4,30.6,2.29,17.2,2.6,60.7,71.39
2020-09-21,0.157324121,14.7,28.9,11.67,11.4,2.6,75.5,76.5
2020-10-01,0.669720695,76.7,29.4,16.23,9.2,2.6,67.6,77.52
2020-10-02,0.202517835,38.8,28.9,27.7,13.9,2.6,69,76.76
2020-10-03,0.324256827,47.5,29,15.4,5.8,2.6,60.9,78.3
2020-10-04,0.218493052,45.7,29.2,28.49,8.1,2.6,70.5,75.5
2020-10-05,0.424518449,58,29,8.4,11.4,2.6,62.5,77.01
2020-10-06,0.324563599,40.3,28.9,41.23,13.9,2.5,72.9,74.9
2020-10-07,0.384245246,49.3,29.4,23.7,11.4,2.6,69.3,75.47
2020-10-08,0.34237953,41,29,12,4.7,2.5,68,77.48
2020-10-09,0.351366563,58.3,30.1,1.2,8.1,2.5,60.4,72.52
2020-10-10,0.329384559,65.7,30.2,1.2,9.2,2.5,51.4,72.08
2020-10-11,0.23170007,71.3,30.4,0,9.2,2.6,66.4,73.7
2020-10-12,0.407542148,71.5,29.5,60.05,6,2.4,61.5,79.68
2020-10-13,0.268453544,93.2,29.8,0.4,9.2,2.5,45.8,74.67
2020-10-14,0.417479197,89.2,29.2,22.8,8.1,2.5,72,76.22
2020-10-15,0.281483537,114.6,29.4,0,6.9,2.5,46.5,74.93
2020-10-16,0.321240488,68.4,30.4,0,6.9,2.5,24.2,70.15
2020-10-17,0.31199961,62.5,30.4,0,9.2,2.6,32.3,64.24
2020-10-18,0.25367651,73.3,29.1,0,9.2,2.6,57.2,73.68
2020-10-19,0.403026161,52,29.2,0.2,8.1,2.6,77.2,76.14
2020-10-20,0.281035432,75.3,29.9,9.7,11.4,2.5,52.4,71.72
2020-10-21,0.340511359,37,28.5,76.58,9.2,2.4,79.4,78.14
2020-10-22,0.560000027,14.4,26.5,65.89,11.4,2.2,93.1,86.52
2020-11-01,0.25920251,25.4,27.1,38.94,9.2,2.4,85.5,79.13
2020-11-02,0.62400003,46,27.5,22,6.9,2.5,69.7,76.6
2020-11-03,0.702099951,46.7,28.3,7.11,5.8,2.5,58,73.27
2020-11-04,0.819809155,146.1,28.2,0,8.1,2.5,30.8,68.5
2020-11-05,0.566565171,133.7,27.2,0,5.8,2.4,2.5,65.68
2020-11-06,0.469453475,124.1,25.7,0,11.4,2.3,0.4,64.61
2020-11-07,0.29353133,96,25.4,0,3.7,2.3,1.2,69.21
2020-11-08,0.147271826,71.6,25.7,0,6.9,2.3,0,70.1
2020-11-09,0.117635087,42,26.9,0,4.7,2.5,2.1,68.75
2020-11-10,0.120296079,45.7,27.2,0,9.2,2.5,0,63.12
2020-11-11,0.087815442,47.6,27.1,0,9.2,2.6,0.3,62.69
2020-11-12,0.10800203,60.8,27.4,0,5.8,2.6,8.5,63.33
2020-11-13,0.104345236,57.2,27.4,0,5.8,2.6,11.6,65.12
2020-11-14,0.166381071,60,28.4,0,9.2,2.5,0,59.53
2020-11-15,0.203663133,104.7,27,0,11.4,2.5,0,61.01
2020-11-16,0.238483891,94.3,26.5,0,9.2,2.4,0,64.57
2020-11-17,0.511861935,143.4,26.6,0,5.8,2.4,10.4,67.69
2020-11-18,0.547374049,164.1,25.1,0,6.9,2.3,0,68.02
2020-11-19,0.969360438,174.8,26,0,4.7,2.3,47.8,67.87
2020-11-20,0.508328399,158.6,24.8,8.3,9.2,2.1,51.6,77.99
2020-11-21,0.915158522,112.1,24.2,27.9,4.7,1.4,75.9,84.3
2020-12-01,0.223994382,141,23.9,0,4.7,2.3,8.9,69.59
2020-12-02,0.328846417,153.9,23.4,0,9.2,2.2,17.3,73.24
2020-12-03,0.514545736,172.3,23,0,6.9,2.2,21.1,74.65
2020-12-04,0.761989819,201.5,24.8,0,8.1,2.2,8.4,65.94
2020-12-05,1.31391418,260.9,22.9,0,4.7,1.6,35.1,77.42
2020-12-06,1.25090427,204.5,24.2,0,5.8,1.4,20.1,77.44
2020-12-07,1.32683457,165.8,23.2,0,5.8,1.3,19.2,81.73
2020-12-08,1.42664106,146.1,22.6,0,6.9,1,52.3,84.39
2020-12-09,0.777993701,178.5,20.5,0,6.9,0.5,68,91.19
2020-12-10,0.822461597,116.1,20.2,0,6.9,1,47.4,84.33
2020-12-11,0.634259981,126.5,19.6,0,5.8,1.3,66.5,84.37
2020-12-12,0.581799149,165.8,20.3,0,5.8,1.4,58.6,81.8
2020-12-13,0.721389555,208,21.3,0,4.7,1.1,48.6,82.77
2020-12-14,0.684549818,218.5,22.4,0,6.9,1.4,7.5,73.94
2020-12-15,0.503792966,175.4,21.1,0,9.2,1.4,27,79.24
2020-12-16,0.545358194,150.5,21.3,0,8.1,1.6,42,77.37
2020-12-17,1.75526148,182.4,20.8,0,6.9,1.6,0,74.37
2020-12-18,0.531458776,146.5,20.9,0,6.9,2,0,69.6
2020-12-19,0.587637609,135.9,20.3,0,8.1,2.1,2.1,62.4
2020-12-20,0.467697763,213.1,19.5,0,6.9,1.6,4.9,73.06
2020-12-21,0.421445442,208.5,19.2,0,4.7,1.4,6.9,77.96
2020-12-22,0.447833723,223,18.8,0,5.8,1.5,11.4,76.74
2021-01-01,0.226102859,153.5,20,0,6.1,2.1,0,67.93
2021-01-02,0.350530359,141.6,20.2,0,6.4,2.2,5.1,65.46
2021-01-03,0.313550614,147.6,20.7,0,3.6,2.2,0,69
2021-01-04,0.283913271,181.4,20.8,0,3.6,2.1,6.4,71.21
2021-01-05,0.250551793,180.3,21.5,0,4.7,2.1,0,69.81
2021-01-06,0.257049093,187.8,22.6,0,3.6,2.1,12.3,66.61
2021-01-07,0.683370629,219.9,22.7,0,3.8,1.9,10.4,68.06
2021-01-08,0.720649282,191.5,23.2,0,6.9,2.1,13,65.82
2021-01-09,1.02443772,193.8,22,0,4.8,2,26.5,73.18
2021-01-10,1.27999754,260.8,22.4,0,4.2,1.9,16,71.75
2021-01-11,2.56103868,266.6,23,0,3.4,1.6,16.7,74.79
2021-01-12,0.950107039,197.6,21.6,0,8.5,1.9,23.3,71.52
2021-01-13,1.89656238,153.9,19.9,0,7,2.1,23.4,64.63
2021-01-14,1.28565464,181.7,19.4,0,6.8,2.2,31.2,64.27
2021-01-15,1.4030012,172,19,0,6.3,2.3,6.2,64.58
2021-01-16,1.47602492,251.6,19.1,0,5.2,2,7.3,70.79
2021-01-17,1.35430443,264.7,18.7,0,4.5,1.5,14,78.76
2021-01-18,1.2337569,240.5,18.6,0,3.3,1.2,19.8,81.03
2021-01-19,1.48443181,340.8,19.7,0,5.8,0.8,41.2,84.01
2021-01-20,2.95932507,320.4,20.5,0,5.2,0.9,70.6,82.51
2021-01-21,1.02549968,252.2,19.6,0,5.8,0.9,40.1,80.15
2021-01-22,0.961097426,221.9,19.8,0,6.9,1.6,6.1,80.64
2021-02-01,0.537094117,209.5,17,0,8.6,1.6,15.3,77.76
2021-02-02,0.522765132,199.9,18.6,0,9.3,1.7,14.1,73.57
2021-02-03,0.552656343,180.4,19.8,0,9.2,1.9,0,63.49
2021-02-04,0.363877986,180.3,21.3,0,5.8,2,0,65.83
2021-02-05,0.276127236,166.3,22.5,0,5.2,2,3.5,68.01
2021-02-06,0.626765495,151,22,0,11.4,1.9,10.4,69.1
2021-02-07,0.828182293,112.4,21,0,11.4,2.3,56,67.4
2021-02-08,0.43023373,108.6,20.7,0,10.2,2.3,7,64.4
2021-02-09,0.268978361,118.8,22,0,9.2,2.3,0,63.64
2021-02-10,0.649571557,165.6,22.4,0,9.1,2.2,15.1,62.4
2021-02-11,0.857771156,215.9,22.5,0,5.8,1.7,44.8,66.55
2021-02-12,1.14208758,257.8,22.9,0,4.7,1.8,59.5,66.85
2021-02-13,0.864192318,225.4,21.6,0,7.6,1.8,35.3,68.59
2021-02-14,0.908361503,253.5,22.4,0,9.2,2,11.3,61.47
2021-02-15,0.930036653,277.4,23.2,0,3.6,1.6,36.2,69.59
2021-02-16,0.737266407,247.1,23,0,5.2,1.5,13.3,70.21
2021-02-17,0.672642883,183.2,22.8,0,6,1.8,50.4,66.4
2021-02-18,0.527987744,204,22.8,0,4.5,2.1,12.3,68.67
2021-02-19,0.753037893,155.8,24.8,0,8.1,2.2,46.8,62.5
2021-02-20,0.458074656,91.5,24.2,0,11.4,1.8,79,64.75
2021-03-01,0.621923075,89.7,27.5,0,9.6,2.5,28.1,67.59
2021-03-02,0.44706523,102.5,26.9,0,11.4,2.3,15.6,62.18
2021-03-03,0.479187056,126.2,27.1,0,11.4,2.3,14.4,59.32
2021-03-04,0.576767895,142.3,26.2,0,11.4,2.3,0,60.42
2021-03-05,0.855233195,115.6,26.9,0,12.7,2.3,30,61.86
2021-03-06,0.825564444,77.5,27.6,0,13.9,2.3,43.4,65.56
2021-03-07,1.25258258,91,27.3,0,11.4,2.1,48.1,66.59
2021-03-08,1.16718272,130.7,27.9,0,48.6,2.2,68.2,70.79
2021-03-09,1.91480311,79.2,27.7,0,11.4,2.4,62.4,64.67
2021-03-10,1.47957444,62.7,27.5,0,11.4,2.4,76.5,66.71
2021-03-11,1.16871349,96.5,27.7,0,9.2,2.4,69.8,68.44
2021-03-12,1.1684171,154.7,29,0,6.9,2.2,48.4,65.88
2021-03-13,1.62215327,149.3,28,0,34.4,2,57.9,69.14
2021-03-14,0.828912805,95.7,26.8,0,11.4,2.3,19.9,62.91
2021-03-15,0.656754169,153.6,27.8,0,10.3,2.3,10.4,56.04
2021-03-16,0.488711245,320.3,28,0,6.9,2,20.8,62.02
2021-03-17,0.54776322,152.6,27.5,0,12.8,2.2,14.8,58.67
2021-03-18,0.652457109,232.2,28.7,0,5.8,2.3,19.4,57.04
2021-03-19,0.705899459,245.8,28.7,0,11.4,2.2,49.1,60.03
2021-03-20,1.33915197,215.7,29,0,13.9,2.2,48.1,59.33
2021-03-21,0.751072169,318.4,29.2,0,5.8,2,51.4,60.61
2021-03-22,0.694079068,188.1,29.8,0,11.4,2.2,39.1,56.53
2021-04-01,0.385954609,76,30.7,0,117.4,2.4,49.1,62.13
2021-04-02,0.603976337,91.7,30.9,0,23,2.5,40.2,57.98
2021-04-03,0.560039076,111.3,30.8,0,9.2,2.3,43.6,60.29
2021-04-04,0.829547929,136.1,28.8,0,32.2,2.3,39.3,65.7
2021-04-05,0.431193793,105.7,28.8,0,11.4,2.5,25.7,57.99
2021-04-06,1.19405036,139.2,29.1,0,9.2,2.4,0,53.23
2021-04-07,0.694034324,221.4,30.1,0,16.1,2.4,9.9,55.01
2021-04-10,1.3512126,54.8,30.3,0,9.2,2.4,72.8,65.64
2021-04-11,0.755604369,96.2,30.4,0,16.1,2.5,58.9,63.62
2021-04-12,0.831292067,91.5,31.3,0,11.4,2.4,42.3,59.4
2021-04-13,0.925489483,64,31.7,0,15,2.5,15.6,57.59
2021-04-14,0.545207351,54.8,32.1,0,16.1,2.5,12.9,59.59
2021-04-15,0.562793329,41.2,31.3,0,13.9,2.5,67,61.73
2021-04-16,1.07448208,48.1,30.5,0,13.9,2.5,67.7,64.09
2021-04-17,0.598202763,39.6,29.5,0,25.3,2.4,34.7,62.66
2021-04-18,0.763825449,58.2,30.7,0,12.8,2.5,41.6,60.25
2021-04-19,0.348595477,35.9,30.6,0,18.3,2.5,16,64.31
2021-04-20,0.440315778,33.5,31.4,0,18.3,2.5,30.8,61.72
2021-04-21,0.893100195,50.8,30.4,0,28.9,2.4,49.8,65.09
2021-05-01,0.767856444,71.4,30.5,0,17.2,2.5,66.7,63.92
2021-05-02,1.05656772,107.6,30.7,0,13.9,2.5,64.6,62.87
2021-05-03,1.90535773,68,29,0,11.4,2.5,75.1,65.81
2021-05-04,0.92994735,59.2,29.2,0,28.9,2.4,75.3,68.39
2021-05-05,0.955460622,127.1,29.5,0,11.4,2.3,77.4,67.89
2021-05-06,0.578617226,65.1,28.6,0,11.4,2.5,64.9,70.79
2021-05-07,0.418712352,88.3,29.9,0,11.4,2.5,43.4,66.96
2021-05-08,0.511411193,45.9,30.2,0,11.4,2.5,60.2,62.17
2021-05-09,0.445100138,65.9,30.4,0,13.9,2.5,43.1,60.76
2021-05-10,0.525000025,64.1,30.2,0,23,2.4,59.1,62.45
2021-05-11,0.75369767,52.2,27.1,0,20.8,2.4,83.4,78.79
2021-05-12,0.508634461,57.2,28.9,0,9.2,2.5,63.5,64.75
2021-05-13,0.477866689,36.4,29,0,11.4,2.5,85.9,68.63
2021-05-14,0.219963922,41,29.3,0,11.4,2.5,74.4,65.67
2021-05-15,0.8028906,50.6,30.5,0,16.1,2.3,75.3,64.65
2021-05-16,1.23560361,31.4,29.7,0,11.4,2.5,87.4,69.84
2021-05-17,2.07939353,28.7,30.6,0,11.4,2.5,60.7,66.06
2021-05-18,1.16327717,22.2,30.3,0,18.3,2.4,79.1,72.52
2021-05-19,2.63189924,32.9,31.5,0,18.3,2.5,71.9,65.96
2021-05-20,0.391682736,17.8,31.8,0,18.3,2.5,85.8,65
2021-05-21,0.24225174,26.6,31.6,0,13.9,2.5,32.8,63.37
2021-05-22,0.355734683,23.4,32.5,0,13.9,2.5,33.6,60.09
